SA3_CODE21,SA3_NAME21,CHG_FLAG21,CHG_LBL21,SA4_CODE21,SA4_NAME21,GCC_CODE21,GCC_NAME21,STE_CODE21,STE_NAME21,AUS_CODE21,AUS_NAME21,AREASQKM21,LOCI_URI21,HSEdat_DESCRIPTION,HSEdat_CODE,HSEdat_field_3,HSEdat_field_4,HSEdat_field_5,HSEdat_field_6,HSEdat_field_7,HSEdat_field_8,HSEdat_field_9,HSEdat_field_10,fire20132022relIndex_AREASQKM21,fire20132022relIndex_BRNFRQS,fire20132022relIndex_FIREIND,NO2WSUM
"10102",Queanbeyan,"0",No change,"101",Capital Region,1RNSW,Rest of NSW,"1",New South Wales,AUS,Australia,6511.397100000000137,http://linked.data.gov.au/dataset/asgsed3/SA3/10102,,,,,,,,,,,6511.3971,"39",0.598949801418193,2393.40943669001
"10103",Snowy Mountains,"0",No change,"101",Capital Region,1RNSW,Rest of NSW,"1",New South Wales,AUS,Australia,14284.585699999999633,http://linked.data.gov.au/dataset/asgsed3/SA3/10103,,,,,,,,,,,14284.5857,"63",0.441034842193568,5204.80073659998
"10104",South Coast,"0",No change,"101",Capital Region,1RNSW,Rest of NSW,"1",New South Wales,AUS,Australia,9864.487600000000384,http://linked.data.gov.au/dataset/asgsed3/SA3/10104,,,,,,,,,,,9864.4876,"243",2.46338187905472,2551.90985857
"10105",Goulburn - Mulwaree,"0",No change,"101",Capital Region,1RNSW,Rest of NSW,"1",New South Wales,AUS,Australia,9099.908699999999953,http://linked.data.gov.au/dataset/asgsed3/SA3/10105,,,,,,,,,,,9099.9087,"16",0.175825939880034,4398.20325245
"10106",Young - Yass,"0",No change,"101",Capital Region,1RNSW,Rest of NSW,"1",New South Wales,AUS,Australia,12135.865299999999479,http://linked.data.gov.au/dataset/asgsed3/SA3/10106,,,,,,,,,,,12135.8653,"40",0.329601548889967,5210.25931979998
"10201",Gosford,"0",No change,"102",Central Coast,1GSYD,Greater Sydney,"1",New South Wales,AUS,Australia,988.386300000000006,http://linked.data.gov.au/dataset/asgsed3/SA3/10201,,,,,,,,,,,988.3863,"9",0.910575146579834,1671.71215472
"10202",Wyong,"0",No change,"102",Central Coast,1GSYD,Greater Sydney,"1",New South Wales,AUS,Australia,692.622499999999945,http://linked.data.gov.au/dataset/asgsed3/SA3/10202,,,,,,,,,,,692.6225,"1",0.144378792199214,1874.03948832
"10301",Bathurst,"0",No change,"103",Central West,1RNSW,Rest of NSW,"1",New South Wales,AUS,Australia,6984.182899999999790,http://linked.data.gov.au/dataset/asgsed3/SA3/10301,,,,,,,,,,,6984.1829,"12",0.171816806229402,3869.56613088
"10302",Lachlan Valley,"0",No change,"103",Central West,1RNSW,Rest of NSW,"1",New South Wales,AUS,Australia,41000.720600000000559,http://linked.data.gov.au/dataset/asgsed3/SA3/10302,,,,,,,,,,,41000.7206,"233",0.568282695011951,10482.71613865
"10303",Lithgow - Mudgee,"0",No change,"103",Central West,1RNSW,Rest of NSW,"1",New South Wales,AUS,Australia,16044.624299999999494,http://linked.data.gov.au/dataset/asgsed3/SA3/10303,,,,,,,,,,,16044.6243,"162",1.00968397246921,7717.68452254998
"10304",Orange,"0",No change,"103",Central West,1RNSW,Rest of NSW,"1",New South Wales,AUS,Australia,6267.532199999999648,http://linked.data.gov.au/dataset/asgsed3/SA3/10304,,,,,,,,,,,6267.5322,"6",0.0957314587071448,2527.10972619999
"10401",Clarence Valley,"0",No change,"104",Coffs Harbour - Grafton,1RNSW,Rest of NSW,"1",New South Wales,AUS,Australia,9263.193999999999505,http://linked.data.gov.au/dataset/asgsed3/SA3/10401,,,,,,,,,,,9263.194,"167",1.80283388213612,1194.05589345
"10402",Coffs Harbour,"0",No change,"104",Coffs Harbour - Grafton,1RNSW,Rest of NSW,"1",New South Wales,AUS,Australia,3966.563700000000154,http://linked.data.gov.au/dataset/asgsed3/SA3/10402,,,,,,,,,,,3966.5637,"28",0.705900676699078,489.54145833
"10501",Bourke - Cobar - Coonamble,"0",No change,"105",Far West and Orana,1RNSW,Rest of NSW,"1",New South Wales,AUS,Australia,162762.408499999990454,http://linked.data.gov.au/dataset/asgsed3/SA3/10501,,,,,,,,,,,162762.4085,"183",0.11243382405465,19455.8764677502
"10502",Broken Hill and Far West,"0",No change,"105",Far West and Orana,1RNSW,Rest of NSW,"1",New South Wales,AUS,Australia,146854.847000000008848,http://linked.data.gov.au/dataset/asgsed3/SA3/10502,,,,,,,,,,,146854.847,"17",0.0115760564579799,13902.4346945102
"10503",Dubbo,"0",No change,"105",Far West and Orana,1RNSW,Rest of NSW,"1",New South Wales,AUS,Australia,29738.390599999998813,http://linked.data.gov.au/dataset/asgsed3/SA3/10503,,,,,,,,,,,29738.3906,"87",0.292551137585771,8709.61577059998
"10601",Lower Hunter,"0",No change,"106",Hunter Valley exc Newcastle,1RNSW,Rest of NSW,"1",New South Wales,AUS,Australia,8566.781199999999444,http://linked.data.gov.au/dataset/asgsed3/SA3/10601,,,,,,,,,,,8566.7812,"76",0.887147672220227,22127.49991723
"10602",Maitland,"0",No change,"106",Hunter Valley exc Newcastle,1RNSW,Rest of NSW,"1",New South Wales,AUS,Australia,380.116899999999987,http://linked.data.gov.au/dataset/asgsed3/SA3/10602,,,,,,,,,,,,,,1646.09529012
"10603",Port Stephens,"0",No change,"106",Hunter Valley exc Newcastle,1RNSW,Rest of NSW,"1",New South Wales,AUS,Australia,1071.976799999999912,http://linked.data.gov.au/dataset/asgsed3/SA3/10603,,,,,,,,,,,1071.9768,"8",0.746284807656285,2335.56235174
"10604",Upper Hunter,"0",No change,"106",Hunter Valley exc Newcastle,1RNSW,Rest of NSW,"1",New South Wales,AUS,Australia,11472.416800000000876,http://linked.data.gov.au/dataset/asgsed3/SA3/10604,,,,,,,,,,,11472.4168,"53",0.461977636656297,16284.30472044
"10701",Dapto - Port Kembla,"0",No change,"107",Illawarra,1RNSW,Rest of NSW,"1",New South Wales,AUS,Australia,164.017599999999987,http://linked.data.gov.au/dataset/asgsed3/SA3/10701,,,,,,,,,,,,,,184.45427592
"10702",Illawarra Catchment Reserve,"0",No change,"107",Illawarra,1RNSW,Rest of NSW,"1",New South Wales,AUS,Australia,744.342300000000023,http://linked.data.gov.au/dataset/asgsed3/SA3/10702,,,,,,,,,,,744.3423,"5",0.671733958959473,948.1375803
"10703",Kiama - Shellharbour,"0",No change,"107",Illawarra,1RNSW,Rest of NSW,"1",New South Wales,AUS,Australia,390.798200000000008,http://linked.data.gov.au/dataset/asgsed3/SA3/10703,,,,,,,,,,,,,,353.81215035
"10704",Wollongong,"0",No change,"107",Illawarra,1RNSW,Rest of NSW,"1",New South Wales,AUS,Australia,240.082400000000007,http://linked.data.gov.au/dataset/asgsed3/SA3/10704,,,,,,,,,,,,,,381.71378845
"10801",Great Lakes,"0",No change,"108",Mid North Coast,1RNSW,Rest of NSW,"1",New South Wales,AUS,Australia,3133.044600000000173,http://linked.data.gov.au/dataset/asgsed3/SA3/10801,,,,,,,,,,,3133.0446,"9",0.287260513303896,2908.55121767
"10802",Kempsey - Nambucca,"0",No change,"108",Mid North Coast,1RNSW,Rest of NSW,"1",New South Wales,AUS,Australia,5339.324599999999919,http://linked.data.gov.au/dataset/asgsed3/SA3/10802,,,,,,,,,,,5339.3246,"72",1.34848516233682,869.973817460001
"10803",Lord Howe Island,"0",No change,"108",Mid North Coast,1RNSW,Rest of NSW,"1",New South Wales,AUS,Australia,16.291799999999999,http://linked.data.gov.au/dataset/asgsed3/SA3/10803,,,,,,,,,,,,,,0
"10804",Port Macquarie,"0",No change,"108",Mid North Coast,1RNSW,Rest of NSW,"1",New South Wales,AUS,Australia,3687.769400000000132,http://linked.data.gov.au/dataset/asgsed3/SA3/10804,,,,,,,,,,,3687.7694,"36",0.976199867594758,915.535695420001
"10805",Taree - Gloucester,"0",No change,"108",Mid North Coast,1RNSW,Rest of NSW,"1",New South Wales,AUS,Australia,6675.068199999999706,http://linked.data.gov.au/dataset/asgsed3/SA3/10805,,,,,,,,,,,6675.0682,"74",1.10860290536058,3238.88643075
"10901",Albury,"0",No change,"109",Murray,1RNSW,Rest of NSW,"1",New South Wales,AUS,Australia,5597.003700000000208,http://linked.data.gov.au/dataset/asgsed3/SA3/10901,,,,,,,,,,,5597.0037,"30",0.536001075003756,2464.70337929
"10902",Lower Murray,"0",No change,"109",Murray,1RNSW,Rest of NSW,"1",New South Wales,AUS,Australia,63967.882799999999406,http://linked.data.gov.au/dataset/asgsed3/SA3/10902,,,,,,,,,,,63967.8828,"31",0.048461819655535,8951.90391413998
"10903",Upper Murray exc. Albury,"0",No change,"109",Murray,1RNSW,Rest of NSW,"1",New South Wales,AUS,Australia,28231.603299999998853,http://linked.data.gov.au/dataset/asgsed3/SA3/10903,,,,,,,,,,,28231.6033,"101",0.35775509781267,8067.04912187002
"11001",Armidale,"0",No change,"110",New England and North West,1RNSW,Rest of NSW,"1",New South Wales,AUS,Australia,16395.649399999998423,http://linked.data.gov.au/dataset/asgsed3/SA3/11001,,,,,,,,,,,16395.6494,"137",0.835587518723107,3713.83607292001
"11002",Inverell - Tenterfield,"0",No change,"110",New England and North West,1RNSW,Rest of NSW,"1",New South Wales,AUS,Australia,30566.442500000001019,http://linked.data.gov.au/dataset/asgsed3/SA3/11002,,,,,,,,,,,30566.4425,"164",0.536536104913092,4283.09348852998
"11003",Moree - Narrabri,"0",No change,"110",New England and North West,1RNSW,Rest of NSW,"1",New South Wales,AUS,Australia,32022.720399999998335,http://linked.data.gov.au/dataset/asgsed3/SA3/11003,,,,,,,,,,,32022.7204,"103",0.321646626874336,6199.48414344005
"11004",Tamworth - Gunnedah,"0",No change,"110",New England and North West,1RNSW,Rest of NSW,"1",New South Wales,AUS,Australia,20155.087599999998929,http://linked.data.gov.au/dataset/asgsed3/SA3/11004,,,,,,,,,,,20155.0876,"26",0.128999687403988,8514.63011789001
"11101",Lake Macquarie - East,"0",No change,"111",Newcastle and Lake Macquarie,1RNSW,Rest of NSW,"1",New South Wales,AUS,Australia,138.085299999999989,http://linked.data.gov.au/dataset/asgsed3/SA3/11101,,,,,,,,,,,138.0853,"1",0.72419004774585,464.89759779
"11102",Lake Macquarie - West,"0",No change,"111",Newcastle and Lake Macquarie,1RNSW,Rest of NSW,"1",New South Wales,AUS,Australia,507.632900000000006,http://linked.data.gov.au/dataset/asgsed3/SA3/11102,,,,,,,,,,,507.6329,"1",0.196992748105964,1640.21617244
"11103",Newcastle,"0",No change,"111",Newcastle and Lake Macquarie,1RNSW,Rest of NSW,"1",New South Wales,AUS,Australia,224.863900000000001,http://linked.data.gov.au/dataset/asgsed3/SA3/11103,,,,,,,,,,,,,,888.16588017
"11201",Richmond Valley - Coastal,"0",No change,"112",Richmond - Tweed,1RNSW,Rest of NSW,"1",New South Wales,AUS,Australia,1572.917799999999943,http://linked.data.gov.au/dataset/asgsed3/SA3/11201,,,,,,,,,,,1572.9178,"13",0.826489470714871,171.48881921
"11202",Richmond Valley - Hinterland,"0",No change,"112",Richmond - Tweed,1RNSW,Rest of NSW,"1",New South Wales,AUS,Australia,7390.617000000000189,http://linked.data.gov.au/dataset/asgsed3/SA3/11202,,,,,,,,,,,7390.617,"52",0.703594841946214,1245.70359623
"11203",Tweed Valley,"0",No change,"112",Richmond - Tweed,1RNSW,Rest of NSW,"1",New South Wales,AUS,Australia,1307.785300000000007,http://linked.data.gov.au/dataset/asgsed3/SA3/11203,,,,,,,,,,,,,,236.88801102
"11301",Griffith - Murrumbidgee (West),"0",No change,"113",Riverina,1RNSW,Rest of NSW,"1",New South Wales,AUS,Australia,28859.688799999999901,http://linked.data.gov.au/dataset/asgsed3/SA3/11301,,,,,,,,,,,28859.6888,"106",0.367294327858449,6776.79291418997
"11302",Tumut - Tumbarumba,"0",No change,"113",Riverina,1RNSW,Rest of NSW,"1",New South Wales,AUS,Australia,9174.726099999999860,http://linked.data.gov.au/dataset/asgsed3/SA3/11302,,,,,,,,,,,9174.7261,"162",1.76572028673423,3287.11967006001
"11303",Wagga Wagga,"0",No change,"113",Riverina,1RNSW,Rest of NSW,"1",New South Wales,AUS,Australia,18950.565600000001723,http://linked.data.gov.au/dataset/asgsed3/SA3/11303,,,,,,,,,,,18950.5656,"145",0.765148666591777,8096.77015078997
"11401",Shoalhaven,"0",No change,"114",Southern Highlands and Shoalhaven,1RNSW,Rest of NSW,"1",New South Wales,AUS,Australia,4374.947299999999814,http://linked.data.gov.au/dataset/asgsed3/SA3/11401,,,,,,,,,,,4374.9473,"105",2.40002891006253,1662.5890687
"11402",Southern Highlands,"0",No change,"114",Southern Highlands and Shoalhaven,1RNSW,Rest of NSW,"1",New South Wales,AUS,Australia,2330.014599999999973,http://linked.data.gov.au/dataset/asgsed3/SA3/11402,,,,,,,,,,,2330.0146,"23",0.987118278142978,1476.31506418
"11501",Baulkham Hills,"0",No change,"115",Sydney - Baulkham Hills and Hawkesbury,1GSYD,Greater Sydney,"1",New South Wales,AUS,Australia,72.025700000000001,http://linked.data.gov.au/dataset/asgsed3/SA3/11501,,,,,,,,,,,,,,224.45648359
"11502",Dural - Wisemans Ferry,"0",No change,"115",Sydney - Baulkham Hills and Hawkesbury,1GSYD,Greater Sydney,"1",New South Wales,AUS,Australia,569.238600000000019,http://linked.data.gov.au/dataset/asgsed3/SA3/11502,,,,,,,,,,,569.2386,"1",0.175673258981383,853.922722350001
"11503",Hawkesbury,"0",No change,"115",Sydney - Baulkham Hills and Hawkesbury,1GSYD,Greater Sydney,"1",New South Wales,AUS,Australia,2492.010099999999966,http://linked.data.gov.au/dataset/asgsed3/SA3/11503,,,,,,,,,,,2492.0101,"69",2.76884913106893,2485.55434877
"11504",Rouse Hill - McGraths Hill,"0",No change,"115",Sydney - Baulkham Hills and Hawkesbury,1GSYD,Greater Sydney,"1",New South Wales,AUS,Australia,118.223699999999994,http://linked.data.gov.au/dataset/asgsed3/SA3/11504,,,,,,,,,,,,,,199.53891121
"11601",Blacktown,"0",No change,"116",Sydney - Blacktown,1GSYD,Greater Sydney,"1",New South Wales,AUS,Australia,55.928899999999999,http://linked.data.gov.au/dataset/asgsed3/SA3/11601,,,,,,,,,,,,,,190.76666881
"11602",Blacktown - North,"0",No change,"116",Sydney - Blacktown,1GSYD,Greater Sydney,"1",New South Wales,AUS,Australia,103.065700000000007,http://linked.data.gov.au/dataset/asgsed3/SA3/11602,,,,,,,,,,,,,,255.61686029
"11603",Mount Druitt,"0",No change,"116",Sydney - Blacktown,1GSYD,Greater Sydney,"1",New South Wales,AUS,Australia,81.888900000000007,http://linked.data.gov.au/dataset/asgsed3/SA3/11603,,,,,,,,,,,,,,243.26340702
"11701",Botany,"0",No change,"117",Sydney - City and Inner South,1GSYD,Greater Sydney,"1",New South Wales,AUS,Australia,28.367699999999999,http://linked.data.gov.au/dataset/asgsed3/SA3/11701,,,,,,,,,,,,,,100.23549774
"11702",Marrickville - Sydenham - Petersham,"0",No change,"117",Sydney - City and Inner South,1GSYD,Greater Sydney,"1",New South Wales,AUS,Australia,12.670000000000000,http://linked.data.gov.au/dataset/asgsed3/SA3/11702,,,,,,,,,,,,,,54.1292534
"11703",Sydney Inner City,"0",No change,"117",Sydney - City and Inner South,1GSYD,Greater Sydney,"1",New South Wales,AUS,Australia,25.065799999999999,http://linked.data.gov.au/dataset/asgsed3/SA3/11703,,,,,,,,,,,,,,81.8029251
"11801",Eastern Suburbs - North,"0",No change,"118",Sydney - Eastern Suburbs,1GSYD,Greater Sydney,"1",New South Wales,AUS,Australia,26.186199999999999,http://linked.data.gov.au/dataset/asgsed3/SA3/11801,,,,,,,,,,,,,,95.49364305
"11802",Eastern Suburbs - South,"0",No change,"118",Sydney - Eastern Suburbs,1GSYD,Greater Sydney,"1",New South Wales,AUS,Australia,31.547999999999998,http://linked.data.gov.au/dataset/asgsed3/SA3/11802,,,,,,,,,,,,,,102.6618562
"11901",Bankstown,"0",No change,"119",Sydney - Inner South West,1GSYD,Greater Sydney,"1",New South Wales,AUS,Australia,68.667500000000004,http://linked.data.gov.au/dataset/asgsed3/SA3/11901,,,,,,,,,,,,,,271.04216077
"11902",Canterbury,"0",No change,"119",Sydney - Inner South West,1GSYD,Greater Sydney,"1",New South Wales,AUS,Australia,29.964800000000000,http://linked.data.gov.au/dataset/asgsed3/SA3/11902,,,,,,,,,,,,,,123.08876753
"11903",Hurstville,"0",No change,"119",Sydney - Inner South West,1GSYD,Greater Sydney,"1",New South Wales,AUS,Australia,33.946899999999999,http://linked.data.gov.au/dataset/asgsed3/SA3/11903,,,,,,,,,,,,,,122.55777671
"11904",Kogarah - Rockdale,"0",No change,"119",Sydney - Inner South West,1GSYD,Greater Sydney,"1",New South Wales,AUS,Australia,31.347999999999999,http://linked.data.gov.au/dataset/asgsed3/SA3/11904,,,,,,,,,,,,,,114.30945899
"12001",Canada Bay,"0",No change,"120",Sydney - Inner West,1GSYD,Greater Sydney,"1",New South Wales,AUS,Australia,19.747699999999998,http://linked.data.gov.au/dataset/asgsed3/SA3/12001,,,,,,,,,,,,,,39.32265949
"12002",Leichhardt,"0",No change,"120",Sydney - Inner West,1GSYD,Greater Sydney,"1",New South Wales,AUS,Australia,10.657700000000000,http://linked.data.gov.au/dataset/asgsed3/SA3/12002,,,,,,,,,,,,,,30.64115859
"12003",Strathfield - Burwood - Ashfield,"0",No change,"120",Sydney - Inner West,1GSYD,Greater Sydney,"1",New South Wales,AUS,Australia,34.143700000000003,http://linked.data.gov.au/dataset/asgsed3/SA3/12003,,,,,,,,,,,,,,153.62500097
"12101",Chatswood - Lane Cove,"0",No change,"121",Sydney - North Sydney and Hornsby,1GSYD,Greater Sydney,"1",New South Wales,AUS,Australia,33.173299999999998,http://linked.data.gov.au/dataset/asgsed3/SA3/12101,,,,,,,,,,,,,,107.53795722
"12102",Hornsby,"0",No change,"121",Sydney - North Sydney and Hornsby,1GSYD,Greater Sydney,"1",New South Wales,AUS,Australia,137.398899999999998,http://linked.data.gov.au/dataset/asgsed3/SA3/12102,,,,,,,,,,,,,,255.59504649
"12103",Ku-ring-gai,"0",No change,"121",Sydney - North Sydney and Hornsby,1GSYD,Greater Sydney,"1",New South Wales,AUS,Australia,85.546300000000002,http://linked.data.gov.au/dataset/asgsed3/SA3/12103,,,,,,,,,,,,,,279.31879716
"12104",North Sydney - Mosman,"0",No change,"121",Sydney - North Sydney and Hornsby,1GSYD,Greater Sydney,"1",New South Wales,AUS,Australia,18.980899999999998,http://linked.data.gov.au/dataset/asgsed3/SA3/12104,,,,,,,,,,,,,,52.67083406
"12201",Manly,"0",No change,"122",Sydney - Northern Beaches,1GSYD,Greater Sydney,"1",New South Wales,AUS,Australia,14.345499999999999,http://linked.data.gov.au/dataset/asgsed3/SA3/12201,,,,,,,,,,,,,,52.99914624
"12202",Pittwater,"0",No change,"122",Sydney - Northern Beaches,1GSYD,Greater Sydney,"1",New South Wales,AUS,Australia,90.649400000000000,http://linked.data.gov.au/dataset/asgsed3/SA3/12202,,,,,,,,,,,,,,170.53002538
"12203",Warringah,"0",No change,"122",Sydney - Northern Beaches,1GSYD,Greater Sydney,"1",New South Wales,AUS,Australia,149.212299999999999,http://linked.data.gov.au/dataset/asgsed3/SA3/12203,,,,,,,,,,,,,,380.85301067
"12301",Camden,"0",No change,"123",Sydney - Outer South West,1GSYD,Greater Sydney,"1",New South Wales,AUS,Australia,73.869200000000006,http://linked.data.gov.au/dataset/asgsed3/SA3/12301,,,,,,,,,,,,,,162.31859628
"12302",Campbelltown (NSW),"0",No change,"123",Sydney - Outer South West,1GSYD,Greater Sydney,"1",New South Wales,AUS,Australia,333.012299999999982,http://linked.data.gov.au/dataset/asgsed3/SA3/12302,,,,,,,,,,,333.0123,"1",0.300289208536742,818.87898232
"12303",Wollondilly,"0",No change,"123",Sydney - Outer South West,1GSYD,Greater Sydney,"1",New South Wales,AUS,Australia,870.360599999999977,http://linked.data.gov.au/dataset/asgsed3/SA3/12303,,,,,,,,,,,870.3606,"6",0.689369440666317,870.354476499999
"12401",Blue Mountains,"0",No change,"124",Sydney - Outer West and Blue Mountains,1GSYD,Greater Sydney,"1",New South Wales,AUS,Australia,942.407900000000041,http://linked.data.gov.au/dataset/asgsed3/SA3/12401,,,,,,,,,,,942.4079,"24",2.54666795556362,879.66460399
"12402",Blue Mountains - South,"0",No change,"124",Sydney - Outer West and Blue Mountains,1GSYD,Greater Sydney,"1",New South Wales,AUS,Australia,2456.909299999999803,http://linked.data.gov.au/dataset/asgsed3/SA3/12402,,,,,,,,,,,2456.9093,"63",2.56419722128123,1449.74174581
"12403",Penrith,"0",No change,"124",Sydney - Outer West and Blue Mountains,1GSYD,Greater Sydney,"1",New South Wales,AUS,Australia,356.858999999999980,http://linked.data.gov.au/dataset/asgsed3/SA3/12403,,,,,,,,,,,356.859,"1",0.280222721018666,732.770980170001
"12404",Richmond - Windsor,"0",No change,"124",Sydney - Outer West and Blue Mountains,1GSYD,Greater Sydney,"1",New South Wales,AUS,Australia,178.838600000000014,http://linked.data.gov.au/dataset/asgsed3/SA3/12404,,,,,,,,,,,178.8386,"1",0.559163402084337,280.78911648
"12405",St Marys,"0",No change,"124",Sydney - Outer West and Blue Mountains,1GSYD,Greater Sydney,"1",New South Wales,AUS,Australia,33.114600000000003,http://linked.data.gov.au/dataset/asgsed3/SA3/12405,,,,,,,,,,,,,,101.43770668
"12501",Auburn,"0",No change,"125",Sydney - Parramatta,1GSYD,Greater Sydney,"1",New South Wales,AUS,Australia,33.060000000000002,http://linked.data.gov.au/dataset/asgsed3/SA3/12501,,,,,,,,,,,,,,132.76818991
"12502",Carlingford,"0",No change,"125",Sydney - Parramatta,1GSYD,Greater Sydney,"1",New South Wales,AUS,Australia,25.687300000000000,http://linked.data.gov.au/dataset/asgsed3/SA3/12502,,,,,,,,,,,,,,89.69811078
"12503",Merrylands - Guildford,"0",No change,"125",Sydney - Parramatta,1GSYD,Greater Sydney,"1",New South Wales,AUS,Australia,56.996899999999997,http://linked.data.gov.au/dataset/asgsed3/SA3/12503,,,,,,,,,,,,,,228.05453324
"12504",Parramatta,"0",No change,"125",Sydney - Parramatta,1GSYD,Greater Sydney,"1",New South Wales,AUS,Australia,47.090800000000002,http://linked.data.gov.au/dataset/asgsed3/SA3/12504,,,,,,,,,,,,,,187.09520315
"12601",Pennant Hills - Epping,"0",No change,"126",Sydney - Ryde,1GSYD,Greater Sydney,"1",New South Wales,AUS,Australia,22.174399999999999,http://linked.data.gov.au/dataset/asgsed3/SA3/12601,,,,,,,,,,,,,,84.99436284
"12602",Ryde - Hunters Hill,"0",No change,"126",Sydney - Ryde,1GSYD,Greater Sydney,"1",New South Wales,AUS,Australia,47.162399999999998,http://linked.data.gov.au/dataset/asgsed3/SA3/12602,,,,,,,,,,,,,,159.58251885
"12701",Bringelly - Green Valley,"0",No change,"127",Sydney - South West,1GSYD,Greater Sydney,"1",New South Wales,AUS,Australia,291.524000000000001,http://linked.data.gov.au/dataset/asgsed3/SA3/12701,,,,,,,,,,,,,,773.333938379999
"12702",Fairfield,"0",No change,"127",Sydney - South West,1GSYD,Greater Sydney,"1",New South Wales,AUS,Australia,123.770300000000006,http://linked.data.gov.au/dataset/asgsed3/SA3/12702,,,,,,,,,,,,,,429.54431083
"12703",Liverpool,"0",No change,"127",Sydney - South West,1GSYD,Greater Sydney,"1",New South Wales,AUS,Australia,124.984700000000004,http://linked.data.gov.au/dataset/asgsed3/SA3/12703,,,,,,,,,,,,,,422.37473294
"12801",Cronulla - Miranda - Caringbah,"0",No change,"128",Sydney - Sutherland,1GSYD,Greater Sydney,"1",New South Wales,AUS,Australia,55.605200000000004,http://linked.data.gov.au/dataset/asgsed3/SA3/12801,,,,,,,,,,,,,,118.81602883
"12802",Sutherland - Menai - Heathcote,"0",No change,"128",Sydney - Sutherland,1GSYD,Greater Sydney,"1",New South Wales,AUS,Australia,240.247299999999996,http://linked.data.gov.au/dataset/asgsed3/SA3/12802,,,,,,,,,,,240.2473,"3",1.24871330499864,529.95733166
"19797",Migratory - Offshore - Shipping (NSW),"0",No change,"197",Migratory - Offshore - Shipping (NSW),"19799",Migratory - Offshore - Shipping (NSW),"1",New South Wales,AUS,Australia,,http://linked.data.gov.au/dataset/asgsed3/SA3/19797,,,,,,,,,,,,,,0
"19999",No usual address (NSW),"0",No change,"199",No usual address (NSW),"19499",No usual address (NSW),"1",New South Wales,AUS,Australia,,http://linked.data.gov.au/dataset/asgsed3/SA3/19999,,,,,,,,,,,,,,0
"20101",Ballarat,"0",No change,"201",Ballarat,2RVIC,Rest of Vic.,"2",Victoria,AUS,Australia,448.348700000000008,http://linked.data.gov.au/dataset/asgsed3/SA3/20101,,,,,,,,,,,,,,240.38470345
"20102",Creswick - Daylesford - Ballan,"0",No change,"201",Ballarat,2RVIC,Rest of Vic.,"2",Victoria,AUS,Australia,3666.672999999999774,http://linked.data.gov.au/dataset/asgsed3/SA3/20102,,,,,,,,,,,3666.673,"1",0.0272726801653706,2407.84079691001
"20103",Maryborough - Pyrenees,"0",No change,"201",Ballarat,2RVIC,Rest of Vic.,"2",Victoria,AUS,Australia,6172.453999999999724,http://linked.data.gov.au/dataset/asgsed3/SA3/20103,,,,,,,,,,,6172.454,"32",0.518432377138817,2751.34337876999
"20201",Bendigo,"0",No change,"202",Bendigo,2RVIC,Rest of Vic.,"2",Victoria,AUS,Australia,287.443699999999978,http://linked.data.gov.au/dataset/asgsed3/SA3/20201,,,,,,,,,,,,,,140.15953601
"20202",Heathcote - Castlemaine - Kyneton,"0",No change,"202",Bendigo,2RVIC,Rest of Vic.,"2",Victoria,AUS,Australia,3920.938000000000102,http://linked.data.gov.au/dataset/asgsed3/SA3/20202,,,,,,,,,,,,,,2238.88039405
"20203",Loddon - Elmore,"0",No change,"202",Bendigo,2RVIC,Rest of Vic.,"2",Victoria,AUS,Australia,7633.524099999999635,http://linked.data.gov.au/dataset/asgsed3/SA3/20203,,,,,,,,,,,7633.5241,"5",0.0655005464645091,2609.9095033
"20301",Barwon - West,"0",No change,"203",Geelong,2RVIC,Rest of Vic.,"2",Victoria,AUS,Australia,2579.838699999999790,http://linked.data.gov.au/dataset/asgsed3/SA3/20301,,,,,,,,,,,2579.8387,"12",0.465145359669192,1555.22018847
"20302",Geelong,"0",No change,"203",Geelong,2RVIC,Rest of Vic.,"2",Victoria,AUS,Australia,918.891300000000001,http://linked.data.gov.au/dataset/asgsed3/SA3/20302,,,,,,,,,,,,,,843.97847224
"20303",Surf Coast - Bellarine Peninsula,"0",No change,"203",Geelong,2RVIC,Rest of Vic.,"2",Victoria,AUS,Australia,929.969000000000051,http://linked.data.gov.au/dataset/asgsed3/SA3/20303,,,,,,,,,,,929.969,"1",0.107530466069299,606.17972721
"20401",Upper Goulburn Valley,"0",No change,"204",Hume,2RVIC,Rest of Vic.,"2",Victoria,AUS,Australia,13959.318400000000111,http://linked.data.gov.au/dataset/asgsed3/SA3/20401,,,,,,,,,,,13959.3184,"6",0.0429820413008131,7771.44818313001
"20402",Wangaratta - Benalla,"0",No change,"204",Hume,2RVIC,Rest of Vic.,"2",Victoria,AUS,Australia,6545.573000000000320,http://linked.data.gov.au/dataset/asgsed3/SA3/20402,,,,,,,,,,,6545.573,"6",0.0916650077846508,2714.08358854999
"20403",Wodonga - Alpine,"0",No change,"204",Hume,2RVIC,Rest of Vic.,"2",Victoria,AUS,Australia,13501.585100000000239,http://linked.data.gov.au/dataset/asgsed3/SA3/20403,,,,,,,,,,,13501.5851,"155",1.14801335437274,4825.48804996997
"20501",Baw Baw,"0",No change,"205",Latrobe - Gippsland,2RVIC,Rest of Vic.,"2",Victoria,AUS,Australia,3933.841600000000199,http://linked.data.gov.au/dataset/asgsed3/SA3/20501,,,,,,,,,,,3933.8416,"9",0.228783995776546,6254.56115592
"20502",Gippsland - East,"0",No change,"205",Latrobe - Gippsland,2RVIC,Rest of Vic.,"2",Victoria,AUS,Australia,21713.207299999998213,http://linked.data.gov.au/dataset/asgsed3/SA3/20502,,,,,,,,,,,21713.2073,"431",1.98496700208817,12714.62198193
"20503",Gippsland - South West,"0",No change,"205",Latrobe - Gippsland,2RVIC,Rest of Vic.,"2",Victoria,AUS,Australia,4381.619099999999889,http://linked.data.gov.au/dataset/asgsed3/SA3/20503,,,,,,,,,,,,,,4274.04683646999
"20504",Latrobe Valley,"0",No change,"205",Latrobe - Gippsland,2RVIC,Rest of Vic.,"2",Victoria,AUS,Australia,1479.667500000000018,http://linked.data.gov.au/dataset/asgsed3/SA3/20504,,,,,,,,,,,1479.6675,"2",0.135165501708999,5505.15947360001
"20505",Wellington,"0",No change,"205",Latrobe - Gippsland,2RVIC,Rest of Vic.,"2",Victoria,AUS,Australia,10044.773800000000847,http://linked.data.gov.au/dataset/asgsed3/SA3/20505,,,,,,,,,,,10044.7738,"66",0.657058101198854,11917.9480659
"20601",Brunswick - Coburg,"0",No change,"206",Melbourne - Inner,2GMEL,Greater Melbourne,"2",Victoria,AUS,Australia,20.413599999999999,http://linked.data.gov.au/dataset/asgsed3/SA3/20601,,,,,,,,,,,,,,94.51015187
"20602",Darebin - South,"0",No change,"206",Melbourne - Inner,2GMEL,Greater Melbourne,"2",Victoria,AUS,Australia,14.027500000000000,http://linked.data.gov.au/dataset/asgsed3/SA3/20602,,,,,,,,,,,,,,62.01758481
"20603",Essendon,"0",No change,"206",Melbourne - Inner,2GMEL,Greater Melbourne,"2",Victoria,AUS,Australia,18.214900000000000,http://linked.data.gov.au/dataset/asgsed3/SA3/20603,,,,,,,,,,,,,,78.53915072
"20604",Melbourne City,"0",No change,"206",Melbourne - Inner,2GMEL,Greater Melbourne,"2",Victoria,AUS,Australia,31.392700000000001,http://linked.data.gov.au/dataset/asgsed3/SA3/20604,,,,,,,,,,,,,,128.46990398
"20605",Port Phillip,"0",No change,"206",Melbourne - Inner,2GMEL,Greater Melbourne,"2",Victoria,AUS,Australia,25.864100000000001,http://linked.data.gov.au/dataset/asgsed3/SA3/20605,,,,,,,,,,,,,,99.25147294
"20606",Stonnington - West,"0",No change,"206",Melbourne - Inner,2GMEL,Greater Melbourne,"2",Victoria,AUS,Australia,11.929200000000000,http://linked.data.gov.au/dataset/asgsed3/SA3/20606,,,,,,,,,,,,,,51.82453777
"20607",Yarra,"0",No change,"206",Melbourne - Inner,2GMEL,Greater Melbourne,"2",Victoria,AUS,Australia,20.615900000000000,http://linked.data.gov.au/dataset/asgsed3/SA3/20607,,,,,,,,,,,,,,91.33178519
"20701",Boroondara,"0",No change,"207",Melbourne - Inner East,2GMEL,Greater Melbourne,"2",Victoria,AUS,Australia,60.015900000000002,http://linked.data.gov.au/dataset/asgsed3/SA3/20701,,,,,,,,,,,,,,242.21390771
"20702",Manningham - West,"0",No change,"207",Melbourne - Inner East,2GMEL,Greater Melbourne,"2",Victoria,AUS,Australia,48.672499999999999,http://linked.data.gov.au/dataset/asgsed3/SA3/20702,,,,,,,,,,,,,,202.77795839
"20703",Whitehorse - West,"0",No change,"207",Melbourne - Inner East,2GMEL,Greater Melbourne,"2",Victoria,AUS,Australia,38.055199999999999,http://linked.data.gov.au/dataset/asgsed3/SA3/20703,,,,,,,,,,,,,,156.05827189
"20801",Bayside,"0",No change,"208",Melbourne - Inner South,2GMEL,Greater Melbourne,"2",Victoria,AUS,Australia,37.211100000000002,http://linked.data.gov.au/dataset/asgsed3/SA3/20801,,,,,,,,,,,,,,104.43812871
"20802",Glen Eira,"0",No change,"208",Melbourne - Inner South,2GMEL,Greater Melbourne,"2",Victoria,AUS,Australia,40.700299999999999,http://linked.data.gov.au/dataset/asgsed3/SA3/20802,,,,,,,,,,,,,,152.12890434
"20803",Kingston,"0",No change,"208",Melbourne - Inner South,2GMEL,Greater Melbourne,"2",Victoria,AUS,Australia,69.863200000000006,http://linked.data.gov.au/dataset/asgsed3/SA3/20803,,,,,,,,,,,,,,195.4255102
"20804",Stonnington - East,"0",No change,"208",Melbourne - Inner South,2GMEL,Greater Melbourne,"2",Victoria,AUS,Australia,13.721800000000000,http://linked.data.gov.au/dataset/asgsed3/SA3/20804,,,,,,,,,,,,,,53.83836317
"20901",Banyule,"0",No change,"209",Melbourne - North East,2GMEL,Greater Melbourne,"2",Victoria,AUS,Australia,62.613300000000002,http://linked.data.gov.au/dataset/asgsed3/SA3/20901,,,,,,,,,,,,,,256.90016122
"20902",Darebin - North,"0",No change,"209",Melbourne - North East,2GMEL,Greater Melbourne,"2",Victoria,AUS,Australia,39.443700000000000,http://linked.data.gov.au/dataset/asgsed3/SA3/20902,,,,,,,,,,,,,,162.85024213
"20903",Nillumbik - Kinglake,"0",No change,"209",Melbourne - North East,2GMEL,Greater Melbourne,"2",Victoria,AUS,Australia,751.768199999999979,http://linked.data.gov.au/dataset/asgsed3/SA3/20903,,,,,,,,,,,,,,1807.32012368
"20904",Whittlesea - Wallan,"0",No change,"209",Melbourne - North East,2GMEL,Greater Melbourne,"2",Victoria,AUS,Australia,997.439499999999953,http://linked.data.gov.au/dataset/asgsed3/SA3/20904,,,,,,,,,,,997.4395,"5",0.501283536495196,2473.68623977
"21001",Keilor,"0",No change,"210",Melbourne - North West,2GMEL,Greater Melbourne,"2",Victoria,AUS,Australia,42.424900000000001,http://linked.data.gov.au/dataset/asgsed3/SA3/21001,,,,,,,,,,,,,,168.00219964
"21002",Macedon Ranges,"0",No change,"210",Melbourne - North West,2GMEL,Greater Melbourne,"2",Victoria,AUS,Australia,992.107200000000034,http://linked.data.gov.au/dataset/asgsed3/SA3/21002,,,,,,,,,,,992.1072,"6",0.604773355137429,1394.68254038
"21003",Moreland - North,"0",No change,"210",Melbourne - North West,2GMEL,Greater Melbourne,"2",Victoria,AUS,Australia,30.377900000000000,http://linked.data.gov.au/dataset/asgsed3/SA3/21003,,,,,,,,,,,,,,135.93800548
"21004",Sunbury,"0",No change,"210",Melbourne - North West,2GMEL,Greater Melbourne,"2",Victoria,AUS,Australia,260.684599999999989,http://linked.data.gov.au/dataset/asgsed3/SA3/21004,,,,,,,,,,,260.6846,"1",0.383605322293684,571.66866828
"21005",Tullamarine - Broadmeadows,"0",No change,"210",Melbourne - North West,2GMEL,Greater Melbourne,"2",Victoria,AUS,Australia,294.093799999999987,http://linked.data.gov.au/dataset/asgsed3/SA3/21005,,,,,,,,,,,,,,1011.23222336
"21101",Knox,"0",No change,"211",Melbourne - Outer East,2GMEL,Greater Melbourne,"2",Victoria,AUS,Australia,118.301800000000000,http://linked.data.gov.au/dataset/asgsed3/SA3/21101,,,,,,,,,,,,,,434.70060397
"21102",Manningham - East,"0",No change,"211",Melbourne - Outer East,2GMEL,Greater Melbourne,"2",Victoria,AUS,Australia,66.561899999999994,http://linked.data.gov.au/dataset/asgsed3/SA3/21102,,,,,,,,,,,,,,237.73028926
"21103",Maroondah,"0",No change,"211",Melbourne - Outer East,2GMEL,Greater Melbourne,"2",Victoria,AUS,Australia,61.187199999999997,http://linked.data.gov.au/dataset/asgsed3/SA3/21103,,,,,,,,,,,,,,239.70879342
"21104",Whitehorse - East,"0",No change,"211",Melbourne - Outer East,2GMEL,Greater Melbourne,"2",Victoria,AUS,Australia,26.569600000000001,http://linked.data.gov.au/dataset/asgsed3/SA3/21104,,,,,,,,,,,,,,109.45692613
"21105",Yarra Ranges,"0",No change,"211",Melbourne - Outer East,2GMEL,Greater Melbourne,"2",Victoria,AUS,Australia,1605.937200000000075,http://linked.data.gov.au/dataset/asgsed3/SA3/21105,,,,,,,,,,,,,,3426.24798924
"21201",Cardinia,"0",No change,"212",Melbourne - South East,2GMEL,Greater Melbourne,"2",Victoria,AUS,Australia,1282.326299999999947,http://linked.data.gov.au/dataset/asgsed3/SA3/21201,,,,,,,,,,,1282.3263,"5",0.389916357482491,2577.6994284
"21202",Casey - North,"0",No change,"212",Melbourne - South East,2GMEL,Greater Melbourne,"2",Victoria,AUS,Australia,116.502799999999993,http://linked.data.gov.au/dataset/asgsed3/SA3/21202,,,,,,,,,,,,,,350.22825068
"21203",Casey - South,"0",No change,"212",Melbourne - South East,2GMEL,Greater Melbourne,"2",Victoria,AUS,Australia,292.925900000000013,http://linked.data.gov.au/dataset/asgsed3/SA3/21203,,,,,,,,,,,,,,547.26059761
"21204",Dandenong,"0",No change,"212",Melbourne - South East,2GMEL,Greater Melbourne,"2",Victoria,AUS,Australia,151.050999999999988,http://linked.data.gov.au/dataset/asgsed3/SA3/21204,,,,,,,,,,,,,,465.68226621
"21205",Monash,"0",No change,"212",Melbourne - South East,2GMEL,Greater Melbourne,"2",Victoria,AUS,Australia,79.473399999999998,http://linked.data.gov.au/dataset/asgsed3/SA3/21205,,,,,,,,,,,,,,296.41581486
"21301",Brimbank,"0",No change,"213",Melbourne - West,2GMEL,Greater Melbourne,"2",Victoria,AUS,Australia,106.849699999999999,http://linked.data.gov.au/dataset/asgsed3/SA3/21301,,,,,,,,,,,,,,374.84264444
"21302",Hobsons Bay,"0",No change,"213",Melbourne - West,2GMEL,Greater Melbourne,"2",Victoria,AUS,Australia,62.215800000000002,http://linked.data.gov.au/dataset/asgsed3/SA3/21302,,,,,,,,,,,,,,174.25752044
"21303",Maribyrnong,"0",No change,"213",Melbourne - West,2GMEL,Greater Melbourne,"2",Victoria,AUS,Australia,31.225800000000000,http://linked.data.gov.au/dataset/asgsed3/SA3/21303,,,,,,,,,,,,,,131.95201042
"21304",Melton - Bacchus Marsh,"0",No change,"213",Melbourne - West,2GMEL,Greater Melbourne,"2",Victoria,AUS,Australia,671.943499999999972,http://linked.data.gov.au/dataset/asgsed3/SA3/21304,,,,,,,,,,,,,,1171.7670358
"21305",Wyndham,"0",No change,"213",Melbourne - West,2GMEL,Greater Melbourne,"2",Victoria,AUS,Australia,544.119000000000028,http://linked.data.gov.au/dataset/asgsed3/SA3/21305,,,,,,,,,,,,,,809.67295275
"21401",Frankston,"0",No change,"214",Mornington Peninsula,2GMEL,Greater Melbourne,"2",Victoria,AUS,Australia,129.598099999999988,http://linked.data.gov.au/dataset/asgsed3/SA3/21401,,,,,,,,,,,,,,223.84006618
"21402",Mornington Peninsula,"0",No change,"214",Mornington Peninsula,2GMEL,Greater Melbourne,"2",Victoria,AUS,Australia,724.168099999999981,http://linked.data.gov.au/dataset/asgsed3/SA3/21402,,,,,,,,,,,,,,610.620374439999
"21501",Grampians,"0",No change,"215",North West,2RVIC,Rest of Vic.,"2",Victoria,AUS,Australia,38139.681499999998778,http://linked.data.gov.au/dataset/asgsed3/SA3/21501,,,,,,,,,,,38139.6815,"154",0.403778935594939,9050.90782325999
"21502",Mildura,"0",No change,"215",North West,2RVIC,Rest of Vic.,"2",Victoria,AUS,Australia,22081.920600000001286,http://linked.data.gov.au/dataset/asgsed3/SA3/21502,,,,,,,,,,,22081.9206,"22",0.0996290150594962,2856.80801672001
"21503",Murray River - Swan Hill,"0",No change,"215",North West,2RVIC,Rest of Vic.,"2",Victoria,AUS,Australia,17851.382200000000012,http://linked.data.gov.au/dataset/asgsed3/SA3/21503,,,,,,,,,,,17851.3822,"7",0.0392126498753693,3462.35585366001
"21601",Campaspe,"0",No change,"216",Shepparton,2RVIC,Rest of Vic.,"2",Victoria,AUS,Australia,4554.783499999999549,http://linked.data.gov.au/dataset/asgsed3/SA3/21601,,,,,,,,,,,4554.7835,"5",0.109774701695481,1921.97163676
"21602",Moira,"0",No change,"216",Shepparton,2RVIC,Rest of Vic.,"2",Victoria,AUS,Australia,4045.920099999999820,http://linked.data.gov.au/dataset/asgsed3/SA3/21602,,,,,,,,,,,4045.9201,"28",0.692055189127437,1650.71008033001
"21603",Shepparton,"0",No change,"216",Shepparton,2RVIC,Rest of Vic.,"2",Victoria,AUS,Australia,2333.162499999999909,http://linked.data.gov.au/dataset/asgsed3/SA3/21603,,,,,,,,,,,2333.1625,"2",0.0857205616839804,1037.0860989
"21701",Glenelg - Southern Grampians,"0",No change,"217",Warrnambool and South West,2RVIC,Rest of Vic.,"2",Victoria,AUS,Australia,12946.391400000000431,http://linked.data.gov.au/dataset/asgsed3/SA3/21701,,,,,,,,,,,12946.3914,"29",0.224000643144467,3495.01547352003
"21703",Colac - Corangamite,"0",No change,"217",Warrnambool and South West,2RVIC,Rest of Vic.,"2",Victoria,AUS,Australia,7936.554600000000391,http://linked.data.gov.au/dataset/asgsed3/SA3/21703,,,,,,,,,,,7936.5546,"26",0.327598073854365,2667.00836384
"21704",Warrnambool,"0",No change,"217",Warrnambool and South West,2RVIC,Rest of Vic.,"2",Victoria,AUS,Australia,5496.177099999999882,http://linked.data.gov.au/dataset/asgsed3/SA3/21704,,,,,,,,,,,5496.1771,"9",0.163750181921903,1272.80612958999
"29797",Migratory - Offshore - Shipping (Vic.),"0",No change,"297",Migratory - Offshore - Shipping (Vic.),"29799",Migratory - Offshore - Shipping (Vic.),"2",Victoria,AUS,Australia,,http://linked.data.gov.au/dataset/asgsed3/SA3/29797,,,,,,,,,,,,,,0
"29999",No usual address (Vic.),"0",No change,"299",No usual address (Vic.),"29499",No usual address (Vic.),"2",Victoria,AUS,Australia,,http://linked.data.gov.au/dataset/asgsed3/SA3/29999,,,,,,,,,,,,,,0
"30101",Capalaba,"0",No change,"301",Brisbane - East,3GBRI,Greater Brisbane,"3",Queensland,AUS,Australia,89.296199999999999,http://linked.data.gov.au/dataset/asgsed3/SA3/30101,,,,,,,,,,,,,,63.79563164
"30102",Cleveland - Stradbroke,"0",No change,"301",Brisbane - East,3GBRI,Greater Brisbane,"3",Queensland,AUS,Australia,480.978200000000015,http://linked.data.gov.au/dataset/asgsed3/SA3/30102,,,,,,,,,,,480.9782,"3",0.623728892494504,207.66729611
"30103",Wynnum - Manly,"0",No change,"301",Brisbane - East,3GBRI,Greater Brisbane,"3",Queensland,AUS,Australia,82.858500000000006,http://linked.data.gov.au/dataset/asgsed3/SA3/30103,,,,,,,,,,,,,,47.09578472
"30201",Bald Hills - Everton Park,"0",No change,"302",Brisbane - North,3GBRI,Greater Brisbane,"3",Queensland,AUS,Australia,35.930799999999998,http://linked.data.gov.au/dataset/asgsed3/SA3/30201,,,,,,,,,,,,,,24.03086372
"30202",Chermside,"0",No change,"302",Brisbane - North,3GBRI,Greater Brisbane,"3",Queensland,AUS,Australia,32.238700000000001,http://linked.data.gov.au/dataset/asgsed3/SA3/30202,,,,,,,,,,,,,,28.82895965
"30203",Nundah,"0",No change,"302",Brisbane - North,3GBRI,Greater Brisbane,"3",Queensland,AUS,Australia,87.031700000000001,http://linked.data.gov.au/dataset/asgsed3/SA3/30203,,,,,,,,,,,,,,63.85354228
"30204",Sandgate,"0",No change,"302",Brisbane - North,3GBRI,Greater Brisbane,"3",Queensland,AUS,Australia,31.747100000000000,http://linked.data.gov.au/dataset/asgsed3/SA3/30204,,,,,,,,,,,,,,18.18136376
"30301",Carindale,"0",No change,"303",Brisbane - South,3GBRI,Greater Brisbane,"3",Queensland,AUS,Australia,26.510600000000000,http://linked.data.gov.au/dataset/asgsed3/SA3/30301,,,,,,,,,,,,,,25.9686832
"30302",Holland Park - Yeronga,"0",No change,"303",Brisbane - South,3GBRI,Greater Brisbane,"3",Queensland,AUS,Australia,27.565000000000001,http://linked.data.gov.au/dataset/asgsed3/SA3/30302,,,,,,,,,,,,,,25.11819196
"30303",Mt Gravatt,"0",No change,"303",Brisbane - South,3GBRI,Greater Brisbane,"3",Queensland,AUS,Australia,79.386700000000005,http://linked.data.gov.au/dataset/asgsed3/SA3/30303,,,,,,,,,,,,,,69.81892685
"30304",Nathan,"0",No change,"303",Brisbane - South,3GBRI,Greater Brisbane,"3",Queensland,AUS,Australia,24.477599999999999,http://linked.data.gov.au/dataset/asgsed3/SA3/30304,,,,,,,,,,,,,,26.11976208
"30305",Rocklea - Acacia Ridge,"0",No change,"303",Brisbane - South,3GBRI,Greater Brisbane,"3",Queensland,AUS,Australia,85.244600000000005,http://linked.data.gov.au/dataset/asgsed3/SA3/30305,,,,,,,,,,,,,,77.02041871
"30306",Sunnybank,"0",No change,"303",Brisbane - South,3GBRI,Greater Brisbane,"3",Queensland,AUS,Australia,22.160000000000000,http://linked.data.gov.au/dataset/asgsed3/SA3/30306,,,,,,,,,,,,,,20.29536632
"30401",Centenary,"0",No change,"304",Brisbane - West,3GBRI,Greater Brisbane,"3",Queensland,AUS,Australia,16.975500000000000,http://linked.data.gov.au/dataset/asgsed3/SA3/30401,,,,,,,,,,,,,,15.07576573
"30402",Kenmore - Brookfield - Moggill,"0",No change,"304",Brisbane - West,3GBRI,Greater Brisbane,"3",Queensland,AUS,Australia,134.611199999999997,http://linked.data.gov.au/dataset/asgsed3/SA3/30402,,,,,,,,,,,,,,113.84128994
"30403",Sherwood - Indooroopilly,"0",No change,"304",Brisbane - West,3GBRI,Greater Brisbane,"3",Queensland,AUS,Australia,21.296299999999999,http://linked.data.gov.au/dataset/asgsed3/SA3/30403,,,,,,,,,,,,,,21.32121659
"30404",The Gap - Enoggera,"0",No change,"304",Brisbane - West,3GBRI,Greater Brisbane,"3",Queensland,AUS,Australia,96.767799999999994,http://linked.data.gov.au/dataset/asgsed3/SA3/30404,,,,,,,,,,,,,,77.95903894
"30501",Brisbane Inner,"0",No change,"305",Brisbane Inner City,3GBRI,Greater Brisbane,"3",Queensland,AUS,Australia,13.558400000000001,http://linked.data.gov.au/dataset/asgsed3/SA3/30501,,,,,,,,,,,,,,14.58877563
"30502",Brisbane Inner - East,"0",No change,"305",Brisbane Inner City,3GBRI,Greater Brisbane,"3",Queensland,AUS,Australia,15.598800000000001,http://linked.data.gov.au/dataset/asgsed3/SA3/30502,,,,,,,,,,,,,,15.33154368
"30503",Brisbane Inner - North,"0",No change,"305",Brisbane Inner City,3GBRI,Greater Brisbane,"3",Queensland,AUS,Australia,30.946600000000000,http://linked.data.gov.au/dataset/asgsed3/SA3/30503,,,,,,,,,,,,,,32.42757465
"30504",Brisbane Inner - West,"0",No change,"305",Brisbane Inner City,3GBRI,Greater Brisbane,"3",Queensland,AUS,Australia,21.635500000000000,http://linked.data.gov.au/dataset/asgsed3/SA3/30504,,,,,,,,,,,,,,22.96009169
"30601",Cairns - North,"0",No change,"306",Cairns,3RQLD,Rest of Qld,"3",Queensland,AUS,Australia,160.314999999999998,http://linked.data.gov.au/dataset/asgsed3/SA3/30601,,,,,,,,,,,,,,6.81209206
"30602",Cairns - South,"0",No change,"306",Cairns,3RQLD,Rest of Qld,"3",Queensland,AUS,Australia,633.476400000000012,http://linked.data.gov.au/dataset/asgsed3/SA3/30602,,,,,,,,,,,633.4764,"1",0.157859077307379,23.85164301
"30603",Innisfail - Cassowary Coast,"0",No change,"306",Cairns,3RQLD,Rest of Qld,"3",Queensland,AUS,Australia,5995.182499999999891,http://linked.data.gov.au/dataset/asgsed3/SA3/30603,,,,,,,,,,,5995.1825,"2",0.0333601187286626,159.70419369
"30604",Port Douglas - Daintree,"0",No change,"306",Cairns,3RQLD,Rest of Qld,"3",Queensland,AUS,Australia,2421.091300000000047,http://linked.data.gov.au/dataset/asgsed3/SA3/30604,,,,,,,,,,,2421.0913,"7",0.289125816940485,142.92315515
"30605",Tablelands (East) - Kuranda,"0",No change,"306",Cairns,3RQLD,Rest of Qld,"3",Queensland,AUS,Australia,12127.912599999999657,http://linked.data.gov.au/dataset/asgsed3/SA3/30605,,,,,,,,,,,12127.9126,"184",1.51716132914744,728.12208188
"30701",Darling Downs (West) - Maranoa,"0",No change,"307",Darling Downs - Maranoa,3RQLD,Rest of Qld,"3",Queensland,AUS,Australia,141260.771899999992456,http://linked.data.gov.au/dataset/asgsed3/SA3/30701,,,,,,,,,,,141260.7719,"318",0.225115575770119,15258.77283148
"30702",Darling Downs - East,"0",No change,"307",Darling Downs - Maranoa,3RQLD,Rest of Qld,"3",Queensland,AUS,Australia,16653.300599999998667,http://linked.data.gov.au/dataset/asgsed3/SA3/30702,,,,,,,,,,,16653.3006,"42",0.252202257130938,4728.91370979999
"30703",Granite Belt,"0",No change,"307",Darling Downs - Maranoa,3RQLD,Rest of Qld,"3",Queensland,AUS,Australia,8432.591300000000047,http://linked.data.gov.au/dataset/asgsed3/SA3/30703,,,,,,,,,,,8432.5913,"14",0.166022513150851,1622.09350681
"30801",Central Highlands (Qld),"0",No change,"308",Central Queensland,3RQLD,Rest of Qld,"3",Queensland,AUS,Australia,60225.393700000000536,http://linked.data.gov.au/dataset/asgsed3/SA3/30801,,,,,,,,,,,60225.3937,"464",0.770439131226468,6465.19890209992
"30803",Rockhampton,"0",No change,"308",Central Queensland,3RQLD,Rest of Qld,"3",Queensland,AUS,Australia,18328.135300000001735,http://linked.data.gov.au/dataset/asgsed3/SA3/30803,,,,,,,,,,,18328.1353,"334",1.82233486676629,5229.22533015
"30804",Biloela,"0",No change,"308",Central Queensland,3RQLD,Rest of Qld,"3",Queensland,AUS,Australia,28550.186499999996158,http://linked.data.gov.au/dataset/asgsed3/SA3/30804,,,,,,,,,,,28550.1865,"187",0.654986964796185,5322.38528841993
"30805",Gladstone,"0",No change,"308",Central Queensland,3RQLD,Rest of Qld,"3",Queensland,AUS,Australia,10484.286099999999351,http://linked.data.gov.au/dataset/asgsed3/SA3/30805,,,,,,,,,,,10484.2861,"122",1.16364623052398,3377.87523630999
"30901",Broadbeach - Burleigh,"0",No change,"309",Gold Coast,3RQLD,Rest of Qld,"3",Queensland,AUS,Australia,33.672600000000003,http://linked.data.gov.au/dataset/asgsed3/SA3/30901,,,,,,,,,,,,,,7.76918695
"30902",Coolangatta,"0",No change,"309",Gold Coast,3RQLD,Rest of Qld,"3",Queensland,AUS,Australia,34.932600000000001,http://linked.data.gov.au/dataset/asgsed3/SA3/30902,,,,,,,,,,,,,,5.74632959
"30903",Gold Coast - North,"0",No change,"309",Gold Coast,3RQLD,Rest of Qld,"3",Queensland,AUS,Australia,40.669499999999999,http://linked.data.gov.au/dataset/asgsed3/SA3/30903,,,,,,,,,,,,,,15.19708241
"30904",Gold Coast Hinterland,"0",No change,"309",Gold Coast,3RQLD,Rest of Qld,"3",Queensland,AUS,Australia,828.047199999999975,http://linked.data.gov.au/dataset/asgsed3/SA3/30904,,,,,,,,,,,828.0472,"1",0.120766062610924,230.83574883
"30905",Mudgeeraba - Tallebudgera,"0",No change,"309",Gold Coast,3RQLD,Rest of Qld,"3",Queensland,AUS,Australia,189.040600000000012,http://linked.data.gov.au/dataset/asgsed3/SA3/30905,,,,,,,,,,,,,,41.13196185
"30906",Nerang,"0",No change,"309",Gold Coast,3RQLD,Rest of Qld,"3",Queensland,AUS,Australia,123.153499999999994,http://linked.data.gov.au/dataset/asgsed3/SA3/30906,,,,,,,,,,,,,,41.85097903
"30907",Ormeau - Oxenford,"0",No change,"309",Gold Coast,3RQLD,Rest of Qld,"3",Queensland,AUS,Australia,519.860500000000002,http://linked.data.gov.au/dataset/asgsed3/SA3/30907,,,,,,,,,,,,,,207.39760837
"30908",Robina,"0",No change,"309",Gold Coast,3RQLD,Rest of Qld,"3",Queensland,AUS,Australia,33.632599999999996,http://linked.data.gov.au/dataset/asgsed3/SA3/30908,,,,,,,,,,,,,,10.57116864
"30909",Southport,"0",No change,"309",Gold Coast,3RQLD,Rest of Qld,"3",Queensland,AUS,Australia,35.056500000000000,http://linked.data.gov.au/dataset/asgsed3/SA3/30909,,,,,,,,,,,,,,11.89055244
"30910",Surfers Paradise,"0",No change,"309",Gold Coast,3RQLD,Rest of Qld,"3",Queensland,AUS,Australia,19.711800000000000,http://linked.data.gov.au/dataset/asgsed3/SA3/30910,,,,,,,,,,,,,,4.12085056
"31001",Forest Lake - Oxley,"0",No change,"310",Ipswich,3GBRI,Greater Brisbane,"3",Queensland,AUS,Australia,63.713799999999999,http://linked.data.gov.au/dataset/asgsed3/SA3/31001,,,,,,,,,,,,,,62.26942853
"31002",Ipswich Hinterland,"0",No change,"310",Ipswich,3GBRI,Greater Brisbane,"3",Queensland,AUS,Australia,6135.815899999999601,http://linked.data.gov.au/dataset/asgsed3/SA3/31002,,,,,,,,,,,6135.8159,"24",0.391146025095049,1905.70139865999
"31003",Ipswich Inner,"0",No change,"310",Ipswich,3GBRI,Greater Brisbane,"3",Queensland,AUS,Australia,378.055900000000008,http://linked.data.gov.au/dataset/asgsed3/SA3/31003,,,,,,,,,,,,,,216.29192981
"31004",Springfield - Redbank,"0",No change,"310",Ipswich,3GBRI,Greater Brisbane,"3",Queensland,AUS,Australia,103.592500000000001,http://linked.data.gov.au/dataset/asgsed3/SA3/31004,,,,,,,,,,,,,,70.83827559
"31101",Beaudesert,"0",No change,"311",Logan - Beaudesert,3GBRI,Greater Brisbane,"3",Queensland,AUS,Australia,1628.029700000000048,http://linked.data.gov.au/dataset/asgsed3/SA3/31101,,,,,,,,,,,1628.0297,"4",0.24569576341267,390.23081685
"31102",Beenleigh,"0",No change,"311",Logan - Beaudesert,3GBRI,Greater Brisbane,"3",Queensland,AUS,Australia,60.150900000000000,http://linked.data.gov.au/dataset/asgsed3/SA3/31102,,,,,,,,,,,,,,37.60271716
"31103",Browns Plains,"0",No change,"311",Logan - Beaudesert,3GBRI,Greater Brisbane,"3",Queensland,AUS,Australia,169.579000000000008,http://linked.data.gov.au/dataset/asgsed3/SA3/31103,,,,,,,,,,,,,,121.77992416
"31104",Jimboomba,"0",No change,"311",Logan - Beaudesert,3GBRI,Greater Brisbane,"3",Queensland,AUS,Australia,582.433300000000031,http://linked.data.gov.au/dataset/asgsed3/SA3/31104,,,,,,,,,,,582.4333,"3",0.515080439253731,288.65784227
"31105",Loganlea - Carbrook,"0",No change,"311",Logan - Beaudesert,3GBRI,Greater Brisbane,"3",Queensland,AUS,Australia,88.727500000000006,http://linked.data.gov.au/dataset/asgsed3/SA3/31105,,,,,,,,,,,,,,62.62281862
"31106",Springwood - Kingston,"0",No change,"311",Logan - Beaudesert,3GBRI,Greater Brisbane,"3",Queensland,AUS,Australia,57.242600000000003,http://linked.data.gov.au/dataset/asgsed3/SA3/31106,,,,,,,,,,,,,,48.53751906
"31201",Bowen Basin - North,"0",No change,"312",Mackay - Isaac - Whitsunday,3RQLD,Rest of Qld,"3",Queensland,AUS,Australia,79852.783800000004703,http://linked.data.gov.au/dataset/asgsed3/SA3/31201,,,,,,,,,,,79852.7838,"307",0.384457479615131,8076.80038580994
"31202",Mackay,"0",No change,"312",Mackay - Isaac - Whitsunday,3RQLD,Rest of Qld,"3",Queensland,AUS,Australia,7613.296299999999974,http://linked.data.gov.au/dataset/asgsed3/SA3/31202,,,,,,,,,,,7613.2963,"62",0.814364731870478,808.106295999999
"31203",Whitsunday,"0",No change,"312",Mackay - Isaac - Whitsunday,3RQLD,Rest of Qld,"3",Queensland,AUS,Australia,2674.108299999999872,http://linked.data.gov.au/dataset/asgsed3/SA3/31203,,,,,,,,,,,2674.1083,"9",0.336560789254497,184.10077852
"31301",Bribie - Beachmere,"0",No change,"313",Moreton Bay - North,3GBRI,Greater Brisbane,"3",Queensland,AUS,Australia,255.446499999999986,http://linked.data.gov.au/dataset/asgsed3/SA3/31301,,,,,,,,,,,255.4465,"1",0.391471403992617,79.36129441
"31302",Caboolture,"0",No change,"313",Moreton Bay - North,3GBRI,Greater Brisbane,"3",Queensland,AUS,Australia,314.721400000000017,http://linked.data.gov.au/dataset/asgsed3/SA3/31302,,,,,,,,,,,,,,125.68530752
"31303",Caboolture Hinterland,"0",No change,"313",Moreton Bay - North,3GBRI,Greater Brisbane,"3",Queensland,AUS,Australia,3388.285300000000007,http://linked.data.gov.au/dataset/asgsed3/SA3/31303,,,,,,,,,,,3388.2853,"35",1.03297086582408,1140.55076186
"31304",Narangba - Burpengary,"0",No change,"313",Moreton Bay - North,3GBRI,Greater Brisbane,"3",Queensland,AUS,Australia,172.412900000000008,http://linked.data.gov.au/dataset/asgsed3/SA3/31304,,,,,,,,,,,,,,83.7590319
"31305",Redcliffe,"0",No change,"313",Moreton Bay - North,3GBRI,Greater Brisbane,"3",Queensland,AUS,Australia,213.589599999999990,http://linked.data.gov.au/dataset/asgsed3/SA3/31305,,,,,,,,,,,213.5896,"3",1.40456276897377,48.23913476
"31401",The Hills District,"0",No change,"314",Moreton Bay - South,3GBRI,Greater Brisbane,"3",Queensland,AUS,Australia,668.681000000000040,http://linked.data.gov.au/dataset/asgsed3/SA3/31401,,,,,,,,,,,,,,363.67335798
"31402",North Lakes,"0",No change,"314",Moreton Bay - South,3GBRI,Greater Brisbane,"3",Queensland,AUS,Australia,66.317200000000000,http://linked.data.gov.au/dataset/asgsed3/SA3/31402,,,,,,,,,,,,,,34.97944006
"31403",Strathpine,"0",No change,"314",Moreton Bay - South,3GBRI,Greater Brisbane,"3",Queensland,AUS,Australia,38.396500000000003,http://linked.data.gov.au/dataset/asgsed3/SA3/31403,,,,,,,,,,,,,,25.81369857
"31501",Far North,"0",No change,"315",Queensland - Outback,3RQLD,Rest of Qld,"3",Queensland,AUS,Australia,250877.563099999999395,http://linked.data.gov.au/dataset/asgsed3/SA3/31501,,,,,,,,,,,250877.5631,"13229",5.27309012274123,21646.7936760203
"31502",Outback - North,"0",No change,"315",Queensland - Outback,3RQLD,Rest of Qld,"3",Queensland,AUS,Australia,307081.522100000001956,http://linked.data.gov.au/dataset/asgsed3/SA3/31502,,,,,,,,,,,307081.5221,"4191",1.36478416914816,22072.0248697702
"31503",Outback - South,"0",No change,"315",Queensland - Outback,3RQLD,Rest of Qld,"3",Queensland,AUS,Australia,625216.042699999990873,http://linked.data.gov.au/dataset/asgsed3/SA3/31503,,,,,,,,,,,625216.0427,"448",0.0716552310566614,46323.6402874008
"31601",Buderim,"0",No change,"316",Sunshine Coast,3RQLD,Rest of Qld,"3",Queensland,AUS,Australia,76.129800000000003,http://linked.data.gov.au/dataset/asgsed3/SA3/31601,,,,,,,,,,,,,,15.82462676
"31602",Caloundra,"0",No change,"316",Sunshine Coast,3RQLD,Rest of Qld,"3",Queensland,AUS,Australia,113.106300000000005,http://linked.data.gov.au/dataset/asgsed3/SA3/31602,,,,,,,,,,,113.1063,"2",1.76824809935432,25.13646494
"31603",Maroochy,"0",No change,"316",Sunshine Coast,3RQLD,Rest of Qld,"3",Queensland,AUS,Australia,70.349299999999999,http://linked.data.gov.au/dataset/asgsed3/SA3/31603,,,,,,,,,,,,,,14.12029577
"31605",Noosa,"0",No change,"316",Sunshine Coast,3RQLD,Rest of Qld,"3",Queensland,AUS,Australia,92.102999999999994,http://linked.data.gov.au/dataset/asgsed3/SA3/31605,,,,,,,,,,,,,,11.88561507
"31606",Sunshine Coast Hinterland,"0",No change,"316",Sunshine Coast,3RQLD,Rest of Qld,"3",Queensland,AUS,Australia,1568.270299999999907,http://linked.data.gov.au/dataset/asgsed3/SA3/31606,,,,,,,,,,,,,,402.17114749
"31607",Nambour,"0",No change,"316",Sunshine Coast,3RQLD,Rest of Qld,"3",Queensland,AUS,Australia,345.886300000000006,http://linked.data.gov.au/dataset/asgsed3/SA3/31607,,,,,,,,,,,,,,65.35516072
"31608",Noosa Hinterland,"0",No change,"316",Sunshine Coast,3RQLD,Rest of Qld,"3",Queensland,AUS,Australia,820.066000000000031,http://linked.data.gov.au/dataset/asgsed3/SA3/31608,,,,,,,,,,,820.066,"5",0.609707023581029,140.4181068
"31701",Toowoomba,"0",No change,"317",Toowoomba,3RQLD,Rest of Qld,"3",Queensland,AUS,Australia,2258.795300000000225,http://linked.data.gov.au/dataset/asgsed3/SA3/31701,,,,,,,,,,,2258.7953,"8",0.354171092883007,642.873831039998
"31801",Charters Towers - Ayr - Ingham,"0",No change,"318",Townsville,3RQLD,Rest of Qld,"3",Queensland,AUS,Australia,76209.805500000016764,http://linked.data.gov.au/dataset/asgsed3/SA3/31801,,,,,,,,,,,76209.8055,"470",0.616718540240862,5496.00393032999
"31802",Townsville,"0",No change,"318",Townsville,3RQLD,Rest of Qld,"3",Queensland,AUS,Australia,3826.292300000000068,http://linked.data.gov.au/dataset/asgsed3/SA3/31802,,,,,,,,,,,3826.2923,"42",1.09766836161472,399.945504869999
"31901",Bundaberg,"0",No change,"319",Wide Bay,3RQLD,Rest of Qld,"3",Queensland,AUS,Australia,3786.098500000000058,http://linked.data.gov.au/dataset/asgsed3/SA3/31901,,,,,,,,,,,3786.0985,"14",0.36977379220324,698.42800975
"31902",Burnett,"0",No change,"319",Wide Bay,3RQLD,Rest of Qld,"3",Queensland,AUS,Australia,30736.831200000000536,http://linked.data.gov.au/dataset/asgsed3/SA3/31902,,,,,,,,,,,30736.8312,"185",0.601883775188901,6820.98554994005
"31903",Gympie - Cooloola,"0",No change,"319",Wide Bay,3RQLD,Rest of Qld,"3",Queensland,AUS,Australia,6975.234499999999571,http://linked.data.gov.au/dataset/asgsed3/SA3/31903,,,,,,,,,,,6975.2345,"35",0.501775244975635,1424.50581544
"31904",Hervey Bay,"0",No change,"319",Wide Bay,3RQLD,Rest of Qld,"3",Queensland,AUS,Australia,251.556600000000003,http://linked.data.gov.au/dataset/asgsed3/SA3/31904,,,,,,,,,,,251.5566,"2",0.795049702532154,29.6162571
"31905",Maryborough,"0",No change,"319",Wide Bay,3RQLD,Rest of Qld,"3",Queensland,AUS,Australia,6752.951699999999619,http://linked.data.gov.au/dataset/asgsed3/SA3/31905,,,,,,,,,,,6752.9517,"91",1.34755887562471,1124.4206239
"39797",Migratory - Offshore - Shipping (Qld),"0",No change,"397",Migratory - Offshore - Shipping (Qld),"39799",Migratory - Offshore - Shipping (Qld),"3",Queensland,AUS,Australia,,http://linked.data.gov.au/dataset/asgsed3/SA3/39797,,,,,,,,,,,,,,0
"39999",No usual address (Qld),"0",No change,"399",No usual address (Qld),"39499",No usual address (Qld),"3",Queensland,AUS,Australia,,http://linked.data.gov.au/dataset/asgsed3/SA3/39999,,,,,,,,,,,,,,0
"40101",Adelaide City,"0",No change,"401",Adelaide - Central and Hills,4GADE,Greater Adelaide,"4",South Australia,AUS,Australia,15.573300000000000,http://linked.data.gov.au/dataset/asgsed3/SA3/40101,,,,,,,,,,,,,,6.40733873
"40102",Adelaide Hills,"0",No change,"401",Adelaide - Central and Hills,4GADE,Greater Adelaide,"4",South Australia,AUS,Australia,1388.116899999999987,http://linked.data.gov.au/dataset/asgsed3/SA3/40102,,,,,,,,,,,1388.1169,"10",0.720400421607143,527.23697679
"40103",Burnside,"0",No change,"401",Adelaide - Central and Hills,4GADE,Greater Adelaide,"4",South Australia,AUS,Australia,27.518300000000000,http://linked.data.gov.au/dataset/asgsed3/SA3/40103,,,,,,,,,,,,,,10.94105898
"40104",Campbelltown (SA),"0",No change,"401",Adelaide - Central and Hills,4GADE,Greater Adelaide,"4",South Australia,AUS,Australia,25.367899999999999,http://linked.data.gov.au/dataset/asgsed3/SA3/40104,,,,,,,,,,,,,,9.82149319
"40105",Norwood - Payneham - St Peters,"0",No change,"401",Adelaide - Central and Hills,4GADE,Greater Adelaide,"4",South Australia,AUS,Australia,15.103600000000000,http://linked.data.gov.au/dataset/asgsed3/SA3/40105,,,,,,,,,,,,,,6.92968176
"40106",Prospect - Walkerville,"0",No change,"401",Adelaide - Central and Hills,4GADE,Greater Adelaide,"4",South Australia,AUS,Australia,11.321500000000000,http://linked.data.gov.au/dataset/asgsed3/SA3/40106,,,,,,,,,,,,,,5.00633408
"40107",Unley,"0",No change,"401",Adelaide - Central and Hills,4GADE,Greater Adelaide,"4",South Australia,AUS,Australia,14.270300000000001,http://linked.data.gov.au/dataset/asgsed3/SA3/40107,,,,,,,,,,,,,,5.78004835
"40201",Gawler - Two Wells,"0",No change,"402",Adelaide - North,4GADE,Greater Adelaide,"4",South Australia,AUS,Australia,306.865000000000009,http://linked.data.gov.au/dataset/asgsed3/SA3/40201,,,,,,,,,,,306.865,"1",0.32587619963176,115.6327075
"40202",Playford,"0",No change,"402",Adelaide - North,4GADE,Greater Adelaide,"4",South Australia,AUS,Australia,356.803699999999992,http://linked.data.gov.au/dataset/asgsed3/SA3/40202,,,,,,,,,,,356.8037,"1",0.280266151948536,143.3926413
"40203",Port Adelaide - East,"0",No change,"402",Adelaide - North,4GADE,Greater Adelaide,"4",South Australia,AUS,Australia,34.840100000000000,http://linked.data.gov.au/dataset/asgsed3/SA3/40203,,,,,,,,,,,,,,13.84205351
"40204",Salisbury,"0",No change,"402",Adelaide - North,4GADE,Greater Adelaide,"4",South Australia,AUS,Australia,150.170899999999989,http://linked.data.gov.au/dataset/asgsed3/SA3/40204,,,,,,,,,,,,,,64.25091493
"40205",Tea Tree Gully,"0",No change,"402",Adelaide - North,4GADE,Greater Adelaide,"4",South Australia,AUS,Australia,91.314099999999996,http://linked.data.gov.au/dataset/asgsed3/SA3/40205,,,,,,,,,,,,,,37.0852788
"40301",Holdfast Bay,"0",No change,"403",Adelaide - South,4GADE,Greater Adelaide,"4",South Australia,AUS,Australia,13.140000000000001,http://linked.data.gov.au/dataset/asgsed3/SA3/40301,,,,,,,,,,,,,,6.11158293
"40302",Marion,"0",No change,"403",Adelaide - South,4GADE,Greater Adelaide,"4",South Australia,AUS,Australia,56.199500000000000,http://linked.data.gov.au/dataset/asgsed3/SA3/40302,,,,,,,,,,,,,,27.8489254
"40303",Mitcham,"0",No change,"403",Adelaide - South,4GADE,Greater Adelaide,"4",South Australia,AUS,Australia,74.370199999999997,http://linked.data.gov.au/dataset/asgsed3/SA3/40303,,,,,,,,,,,,,,34.24451758
"40304",Onkaparinga,"0",No change,"403",Adelaide - South,4GADE,Greater Adelaide,"4",South Australia,AUS,Australia,519.371999999999957,http://linked.data.gov.au/dataset/asgsed3/SA3/40304,,,,,,,,,,,,,,261.56451283
"40401",Charles Sturt,"0",No change,"404",Adelaide - West,4GADE,Greater Adelaide,"4",South Australia,AUS,Australia,53.318600000000004,http://linked.data.gov.au/dataset/asgsed3/SA3/40401,,,,,,,,,,,,,,20.99052448
"40402",Port Adelaide - West,"0",No change,"404",Adelaide - West,4GADE,Greater Adelaide,"4",South Australia,AUS,Australia,67.772599999999997,http://linked.data.gov.au/dataset/asgsed3/SA3/40402,,,,,,,,,,,,,,26.26090767
"40403",West Torrens,"0",No change,"404",Adelaide - West,4GADE,Greater Adelaide,"4",South Australia,AUS,Australia,38.447400000000002,http://linked.data.gov.au/dataset/asgsed3/SA3/40403,,,,,,,,,,,,,,15.62549333
"40501",Barossa,"0",No change,"405",Barossa - Yorke - Mid North,4RSAU,Rest of SA,"4",South Australia,AUS,Australia,2837.151899999999841,http://linked.data.gov.au/dataset/asgsed3/SA3/40501,,,,,,,,,,,2837.1519,"8",0.281972917981586,896.124602680002
"40502",Lower North,"0",No change,"405",Barossa - Yorke - Mid North,4RSAU,Rest of SA,"4",South Australia,AUS,Australia,13728.958800000000338,http://linked.data.gov.au/dataset/asgsed3/SA3/40502,,,,,,,,,,,13728.9588,"19",0.138393597626646,2804.90810155001
"40503",Mid North,"0",No change,"405",Barossa - Yorke - Mid North,4RSAU,Rest of SA,"4",South Australia,AUS,Australia,14409.479900000000271,http://linked.data.gov.au/dataset/asgsed3/SA3/40503,,,,,,,,,,,14409.4799,"14",0.0971582603755185,2342.79853815001
"40504",Yorke Peninsula,"0",No change,"405",Barossa - Yorke - Mid North,4RSAU,Rest of SA,"4",South Australia,AUS,Australia,6740.794299999999566,http://linked.data.gov.au/dataset/asgsed3/SA3/40504,,,,,,,,,,,6740.7943,"21",0.31153598619676,1080.64247339
"40601",Eyre Peninsula and South West,"0",No change,"406",South Australia - Outback,4RSAU,Rest of SA,"4",South Australia,AUS,Australia,235294.817899999994552,http://linked.data.gov.au/dataset/asgsed3/SA3/40601,,,,,,,,,,,235294.8179,"275",0.11687465217227,16207.51643922
"40602",Outback - North and East,"0",No change,"406",South Australia - Outback,4RSAU,Rest of SA,"4",South Australia,AUS,Australia,642477.757800000021234,http://linked.data.gov.au/dataset/asgsed3/SA3/40602,,,,,,,,,,,642477.7578,"457",0.0711308670925635,49784.2522922474
"40701",Fleurieu - Kangaroo Island,"0",No change,"407",South Australia - South East,4RSAU,Rest of SA,"4",South Australia,AUS,Australia,7363.586900000000242,http://linked.data.gov.au/dataset/asgsed3/SA3/40701,,,,,,,,,,,7363.5869,"84",1.14074840347168,1211.16589658
"40702",Limestone Coast,"0",No change,"407",South Australia - South East,4RSAU,Rest of SA,"4",South Australia,AUS,Australia,21336.387999999999010,http://linked.data.gov.au/dataset/asgsed3/SA3/40702,,,,,,,,,,,21336.388,"75",0.351512167851466,3667.45000044998
"40703",Murray and Mallee,"0",No change,"407",South Australia - South East,4RSAU,Rest of SA,"4",South Australia,AUS,Australia,36782.598799999999756,http://linked.data.gov.au/dataset/asgsed3/SA3/40703,,,,,,,,,,,36782.5988,"65",0.176713995532039,5907.80627319997
"49797",Migratory - Offshore - Shipping (SA),"0",No change,"497",Migratory - Offshore - Shipping (SA),"49799",Migratory - Offshore - Shipping (SA),"4",South Australia,AUS,Australia,,http://linked.data.gov.au/dataset/asgsed3/SA3/49797,,,,,,,,,,,,,,0
"49999",No usual address (SA),"0",No change,"499",No usual address (SA),"49499",No usual address (SA),"4",South Australia,AUS,Australia,,http://linked.data.gov.au/dataset/asgsed3/SA3/49999,,,,,,,,,,,,,,0
"50101",Augusta - Margaret River - Busselton,"0",No change,"501",Bunbury,5RWAU,Rest of WA,"5",Western Australia,AUS,Australia,3664.323300000000017,http://linked.data.gov.au/dataset/asgsed3/SA3/50101,,,,,,,,,,,3664.3233,"23",0.627673873645374,821.108393350001
"50102",Bunbury,"0",No change,"501",Bunbury,5RWAU,Rest of WA,"5",Western Australia,AUS,Australia,5449.513700000000426,http://linked.data.gov.au/dataset/asgsed3/SA3/50102,,,,,,,,,,,5449.5137,"64",1.17441671905513,2031.1226668
"50103",Manjimup,"0",No change,"501",Bunbury,5RWAU,Rest of WA,"5",Western Australia,AUS,Australia,15688.574899999999616,http://linked.data.gov.au/dataset/asgsed3/SA3/50103,,,,,,,,,,,15688.5749,"134",0.854124742713247,4064.82166228999
"50201",Mandurah,"0",No change,"502",Mandurah,5GPER,Greater Perth,"5",Western Australia,AUS,Australia,1032.862900000000081,http://linked.data.gov.au/dataset/asgsed3/SA3/50201,,,,,,,,,,,,,,367.74921853
"50301",Cottesloe - Claremont,"0",No change,"503",Perth - Inner,5GPER,Greater Perth,"5",Western Australia,AUS,Australia,48.715200000000003,http://linked.data.gov.au/dataset/asgsed3/SA3/50301,,,,,,,,,,,,,,28.85094224
"50302",Perth City,"0",No change,"503",Perth - Inner,5GPER,Greater Perth,"5",Western Australia,AUS,Australia,43.538899999999998,http://linked.data.gov.au/dataset/asgsed3/SA3/50302,,,,,,,,,,,,,,27.96624284
"50401",Bayswater - Bassendean,"0",No change,"504",Perth - North East,5GPER,Greater Perth,"5",Western Australia,AUS,Australia,44.669300000000000,http://linked.data.gov.au/dataset/asgsed3/SA3/50401,,,,,,,,,,,,,,29.53581268
"50402",Mundaring,"0",No change,"504",Perth - North East,5GPER,Greater Perth,"5",Western Australia,AUS,Australia,685.431100000000015,http://linked.data.gov.au/dataset/asgsed3/SA3/50402,,,,,,,,,,,685.4311,"5",0.729467921721089,325.255117580001
"50403",Swan,"0",No change,"504",Perth - North East,5GPER,Greater Perth,"5",Western Australia,AUS,Australia,1032.331500000000005,http://linked.data.gov.au/dataset/asgsed3/SA3/50403,,,,,,,,,,,1032.3315,"8",0.774944869937612,494.46183357
"50501",Joondalup,"0",No change,"505",Perth - North West,5GPER,Greater Perth,"5",Western Australia,AUS,Australia,100.486000000000004,http://linked.data.gov.au/dataset/asgsed3/SA3/50501,,,,,,,,,,,,,,47.01789202
"50502",Stirling,"0",No change,"505",Perth - North West,5GPER,Greater Perth,"5",Western Australia,AUS,Australia,99.326200000000000,http://linked.data.gov.au/dataset/asgsed3/SA3/50502,,,,,,,,,,,,,,57.7121449
"50503",Wanneroo,"0",No change,"505",Perth - North West,5GPER,Greater Perth,"5",Western Australia,AUS,Australia,684.200600000000009,http://linked.data.gov.au/dataset/asgsed3/SA3/50503,,,,,,,,,,,684.2006,"6",0.876935799237826,274.61001003
"50601",Armadale,"0",No change,"506",Perth - South East,5GPER,Greater Perth,"5",Western Australia,AUS,Australia,559.525800000000004,http://linked.data.gov.au/dataset/asgsed3/SA3/50601,,,,,,,,,,,559.5258,"10",1.78722768458577,283.5491069
"50602",Belmont - Victoria Park,"0",No change,"506",Perth - South East,5GPER,Greater Perth,"5",Western Australia,AUS,Australia,60.109800000000000,http://linked.data.gov.au/dataset/asgsed3/SA3/50602,,,,,,,,,,,,,,40.42067878
"50603",Canning,"0",No change,"506",Perth - South East,5GPER,Greater Perth,"5",Western Australia,AUS,Australia,68.188299999999998,http://linked.data.gov.au/dataset/asgsed3/SA3/50603,,,,,,,,,,,,,,46.13242682
"50604",Gosnells,"0",No change,"506",Perth - South East,5GPER,Greater Perth,"5",Western Australia,AUS,Australia,127.297600000000003,http://linked.data.gov.au/dataset/asgsed3/SA3/50604,,,,,,,,,,,,,,81.27502864
"50605",Kalamunda,"0",No change,"506",Perth - South East,5GPER,Greater Perth,"5",Western Australia,AUS,Australia,283.800099999999986,http://linked.data.gov.au/dataset/asgsed3/SA3/50605,,,,,,,,,,,283.8001,"2",0.704721386637989,165.52019665
"50606",Serpentine - Jarrahdale,"0",No change,"506",Perth - South East,5GPER,Greater Perth,"5",Western Australia,AUS,Australia,904.763500000000022,http://linked.data.gov.au/dataset/asgsed3/SA3/50606,,,,,,,,,,,904.7635,"7",0.773682846401297,419.08714622
"50607",South Perth,"0",No change,"506",Perth - South East,5GPER,Greater Perth,"5",Western Australia,AUS,Australia,20.306799999999999,http://linked.data.gov.au/dataset/asgsed3/SA3/50607,,,,,,,,,,,,,,11.10512734
"50701",Cockburn,"0",No change,"507",Perth - South West,5GPER,Greater Perth,"5",Western Australia,AUS,Australia,148.210299999999989,http://linked.data.gov.au/dataset/asgsed3/SA3/50701,,,,,,,,,,,,,,84.47330156
"50702",Fremantle,"0",No change,"507",Perth - South West,5GPER,Greater Perth,"5",Western Australia,AUS,Australia,41.651499999999999,http://linked.data.gov.au/dataset/asgsed3/SA3/50702,,,,,,,,,,,,,,17.60010613
"50703",Kwinana,"0",No change,"507",Perth - South West,5GPER,Greater Perth,"5",Western Australia,AUS,Australia,120.012299999999996,http://linked.data.gov.au/dataset/asgsed3/SA3/50703,,,,,,,,,,,,,,65.20415127
"50704",Melville,"0",No change,"507",Perth - South West,5GPER,Greater Perth,"5",Western Australia,AUS,Australia,53.453699999999998,http://linked.data.gov.au/dataset/asgsed3/SA3/50704,,,,,,,,,,,,,,36.16168844
"50705",Rockingham,"0",No change,"507",Perth - South West,5GPER,Greater Perth,"5",Western Australia,AUS,Australia,257.690699999999993,http://linked.data.gov.au/dataset/asgsed3/SA3/50705,,,,,,,,,,,,,,104.56196735
"50901",Albany,"0",No change,"509",Western Australia - Wheat Belt,5RWAU,Rest of WA,"5",Western Australia,AUS,Australia,37888.149499999999534,http://linked.data.gov.au/dataset/asgsed3/SA3/50901,,,,,,,,,,,37888.1495,"158",0.417016935598821,7796.74772398005
"50902",Wheat Belt - North,"0",No change,"509",Western Australia - Wheat Belt,5RWAU,Rest of WA,"5",Western Australia,AUS,Australia,110694.577199999985169,http://linked.data.gov.au/dataset/asgsed3/SA3/50902,,,,,,,,,,,110694.5772,"518",0.467954269398483,15760.46764429
"50903",Wheat Belt - South,"0",No change,"509",Western Australia - Wheat Belt,5RWAU,Rest of WA,"5",Western Australia,AUS,Australia,48762.805899999999383,http://linked.data.gov.au/dataset/asgsed3/SA3/50903,,,,,,,,,,,48762.8059,"292",0.598817058638539,10037.88053104
"51001",Kimberley,"0",No change,"510",Western Australia - Outback (North),5RWAU,Rest of WA,"5",Western Australia,AUS,Australia,419245.088199999998324,http://linked.data.gov.au/dataset/asgsed3/SA3/51001,,,,,,,,,,,419245.0882,"27448",6.54700574259465,45802.92167829
"51002",East Pilbara,"0",No change,"510",Western Australia - Outback (North),5RWAU,Rest of WA,"5",Western Australia,AUS,Australia,390711.985999999975320,http://linked.data.gov.au/dataset/asgsed3/SA3/51002,,,,,,,,,,,390711.986,"9185",2.35083650594738,28496.9117031902
"51003",West Pilbara,"0",No change,"510",Western Australia - Outback (North),5RWAU,Rest of WA,"5",Western Australia,AUS,Australia,116066.088900000002468,http://linked.data.gov.au/dataset/asgsed3/SA3/51003,,,,,,,,,,,116066.0889,"1630",1.40437229810024,9712.79877312977
"51101",Esperance,"0",No change,"511",Western Australia - Outback (South),5RWAU,Rest of WA,"5",Western Australia,AUS,Australia,55660.659899999998743,http://linked.data.gov.au/dataset/asgsed3/SA3/51101,,,,,,,,,,,55660.6599,"447",0.80308066918912,5724.71891729998
"51102",Gascoyne,"0",No change,"511",Western Australia - Outback (South),5RWAU,Rest of WA,"5",Western Australia,AUS,Australia,135064.616999999998370,http://linked.data.gov.au/dataset/asgsed3/SA3/51102,,,,,,,,,,,135064.617,"360",0.266539089212388,8009.28063149001
"51103",Goldfields,"0",No change,"511",Western Australia - Outback (South),5RWAU,Rest of WA,"5",Western Australia,AUS,Australia,714524.770900000003166,http://linked.data.gov.au/dataset/asgsed3/SA3/51103,,,,,,,,,,,714524.7709,"4505",0.63048898841192,40807.8984104496
"51104",Mid West,"0",No change,"511",Western Australia - Outback (South),5RWAU,Rest of WA,"5",Western Australia,AUS,Australia,466794.755000000004657,http://linked.data.gov.au/dataset/asgsed3/SA3/51104,,,,,,,,,,,466794.755,"1717",0.367827611944783,31248.9319507005
"59797",Migratory - Offshore - Shipping (WA),"0",No change,"597",Migratory - Offshore - Shipping (WA),"59799",Migratory - Offshore - Shipping (WA),"5",Western Australia,AUS,Australia,,http://linked.data.gov.au/dataset/asgsed3/SA3/59797,,,,,,,,,,,,,,0
"59999",No usual address (WA),"0",No change,"599",No usual address (WA),"59499",No usual address (WA),"5",Western Australia,AUS,Australia,,http://linked.data.gov.au/dataset/asgsed3/SA3/59999,,,,,,,,,,,,,,0
"60101",Brighton,"0",No change,"601",Hobart,6GHOB,Greater Hobart,"6",Tasmania,AUS,Australia,176.077699999999993,http://linked.data.gov.au/dataset/asgsed3/SA3/60101,,,,,,,,,,,,,,45.5849332
"60102",Hobart - North East,"0",No change,"601",Hobart,6GHOB,Greater Hobart,"6",Tasmania,AUS,Australia,265.942400000000021,http://linked.data.gov.au/dataset/asgsed3/SA3/60102,,,,,,,,,,,,,,56.36341789
"60103",Hobart - North West,"0",No change,"601",Hobart,6GHOB,Greater Hobart,"6",Tasmania,AUS,Australia,168.296899999999994,http://linked.data.gov.au/dataset/asgsed3/SA3/60103,,,,,,,,,,,,,,38.14012898
"60104",Hobart - South and West,"0",No change,"601",Hobart,6GHOB,Greater Hobart,"6",Tasmania,AUS,Australia,328.506199999999978,http://linked.data.gov.au/dataset/asgsed3/SA3/60104,,,,,,,,,,,,,,53.03960643
"60105",Hobart Inner,"0",No change,"601",Hobart,6GHOB,Greater Hobart,"6",Tasmania,AUS,Australia,62.211399999999998,http://linked.data.gov.au/dataset/asgsed3/SA3/60105,,,,,,,,,,,,,,10.43978923
"60106",Sorell - Dodges Ferry,"0",No change,"601",Hobart,6GHOB,Greater Hobart,"6",Tasmania,AUS,Australia,694.326500000000010,http://linked.data.gov.au/dataset/asgsed3/SA3/60106,,,,,,,,,,,694.3265,"6",0.864146766686854,146.69863975
"60201",Launceston,"0",No change,"602",Launceston and North East,6RTAS,Rest of Tas.,"6",Tasmania,AUS,Australia,260.708700000000022,http://linked.data.gov.au/dataset/asgsed3/SA3/60201,,,,,,,,,,,,,,74.39121305
"60202",Meander Valley - West Tamar,"0",No change,"602",Launceston and North East,6RTAS,Rest of Tas.,"6",Tasmania,AUS,Australia,3978.960700000000088,http://linked.data.gov.au/dataset/asgsed3/SA3/60202,,,,,,,,,,,3978.9607,"7",0.175925336482967,552.229320729999
"60203",North East,"0",No change,"602",Launceston and North East,6RTAS,Rest of Tas.,"6",Tasmania,AUS,Australia,15735.666600000000471,http://linked.data.gov.au/dataset/asgsed3/SA3/60203,,,,,,,,,,,15735.6666,"32",0.203359672096764,3018.37453726001
"60301",Central Highlands (Tas.),"0",No change,"603",South East,6RTAS,Rest of Tas.,"6",Tasmania,AUS,Australia,18426.733100000001286,http://linked.data.gov.au/dataset/asgsed3/SA3/60301,,,,,,,,,,,18426.7331,"73",0.396163550010935,1177.07386888999
"60302",Huon - Bruny Island,"0",No change,"603",South East,6RTAS,Rest of Tas.,"6",Tasmania,AUS,Australia,2192.681500000000142,http://linked.data.gov.au/dataset/asgsed3/SA3/60302,,,,,,,,,,,2192.6815,"7",0.319243811743748,164.5531307
"60303",South East Coast,"0",No change,"603",South East,6RTAS,Rest of Tas.,"6",Tasmania,AUS,Australia,3202.637900000000172,http://linked.data.gov.au/dataset/asgsed3/SA3/60303,,,,,,,,,,,3202.6379,"4",0.124897041904113,466.16259816
"60401",Burnie - Ulverstone,"0",No change,"604",West and North West,6RTAS,Rest of Tas.,"6",Tasmania,AUS,Australia,1604.473199999999906,http://linked.data.gov.au/dataset/asgsed3/SA3/60401,,,,,,,,,,,,,,210.25850847
"60402",Devonport,"0",No change,"604",West and North West,6RTAS,Rest of Tas.,"6",Tasmania,AUS,Australia,1894.358600000000024,http://linked.data.gov.au/dataset/asgsed3/SA3/60402,,,,,,,,,,,,,,245.86959636
"60403",West Coast,"0",No change,"604",West and North West,6RTAS,Rest of Tas.,"6",Tasmania,AUS,Australia,19025.957900000001246,http://linked.data.gov.au/dataset/asgsed3/SA3/60403,,,,,,,,,,,19025.9579,"76",0.399454263482839,1602.13405908
"69797",Migratory - Offshore - Shipping (Tas.),"0",No change,"697",Migratory - Offshore - Shipping (Tas.),"69799",Migratory - Offshore - Shipping (Tas.),"6",Tasmania,AUS,Australia,,http://linked.data.gov.au/dataset/asgsed3/SA3/69797,,,,,,,,,,,,,,0
"69999",No usual address (Tas.),"0",No change,"699",No usual address (Tas.),"69499",No usual address (Tas.),"6",Tasmania,AUS,Australia,,http://linked.data.gov.au/dataset/asgsed3/SA3/69999,,,,,,,,,,,,,,0
"70101",Darwin City,"0",No change,"701",Darwin,7GDAR,Greater Darwin,"7",Northern Territory,AUS,Australia,40.635100000000001,http://linked.data.gov.au/dataset/asgsed3/SA3/70101,,,,,,,,,,,,,,10.18927308
"70102",Darwin Suburbs,"0",No change,"701",Darwin,7GDAR,Greater Darwin,"7",Northern Territory,AUS,Australia,136.028400000000005,http://linked.data.gov.au/dataset/asgsed3/SA3/70102,,,,,,,,,,,,,,36.37536542
"70103",Litchfield,"0",No change,"701",Darwin,7GDAR,Greater Darwin,"7",Northern Territory,AUS,Australia,2938.511100000000170,http://linked.data.gov.au/dataset/asgsed3/SA3/70103,,,,,,,,,,,2938.5111,"262",8.91607998349913,824.6641444
"70104",Palmerston,"0",No change,"701",Darwin,7GDAR,Greater Darwin,"7",Northern Territory,AUS,Australia,52.528799999999997,http://linked.data.gov.au/dataset/asgsed3/SA3/70104,,,,,,,,,,,,,,13.56975679
"70201",Alice Springs,"0",No change,"702",Northern Territory - Outback,7RNTE,Rest of NT,"7",Northern Territory,AUS,Australia,569600.405900000012480,http://linked.data.gov.au/dataset/asgsed3/SA3/70201,,,,,,,,,,,569600.4059,"6842",1.2011929642482,40276.2967219592
"70202",Barkly,"0",No change,"702",Northern Territory - Outback,7RNTE,Rest of NT,"7",Northern Territory,AUS,Australia,303211.180400000012014,http://linked.data.gov.au/dataset/asgsed3/SA3/70202,,,,,,,,,,,303211.1804,"6369",2.10051621170365,24205.0607479492
"70203",Daly - Tiwi - West Arnhem,"0",No change,"702",Northern Territory - Outback,7RNTE,Rest of NT,"7",Northern Territory,AUS,Australia,112294.853300000002491,http://linked.data.gov.au/dataset/asgsed3/SA3/70203,,,,,,,,,,,112294.8533,"13511",12.0317179309232,21147.3364405499
"70204",East Arnhem,"0",No change,"702",Northern Territory - Outback,7RNTE,Rest of NT,"7",Northern Territory,AUS,Australia,33606.589299999999639,http://linked.data.gov.au/dataset/asgsed3/SA3/70204,,,,,,,,,,,33606.5893,"2492",7.41521246846671,5723.03980287
"70205",Katherine,"0",No change,"702",Northern Territory - Outback,7RNTE,Rest of NT,"7",Northern Territory,AUS,Australia,326253.760799999989104,http://linked.data.gov.au/dataset/asgsed3/SA3/70205,,,,,,,,,,,326253.7608,"18555",5.68729076241196,31758.7732133995
"79797",Migratory - Offshore - Shipping (NT),"0",No change,"797",Migratory - Offshore - Shipping (NT),"79799",Migratory - Offshore - Shipping (NT),"7",Northern Territory,AUS,Australia,,http://linked.data.gov.au/dataset/asgsed3/SA3/79797,,,,,,,,,,,,,,0
"79999",No usual address (NT),"0",No change,"799",No usual address (NT),"79499",No usual address (NT),"7",Northern Territory,AUS,Australia,,http://linked.data.gov.au/dataset/asgsed3/SA3/79999,,,,,,,,,,,,,,0
"80101",Belconnen,"0",No change,"801",Australian Capital Territory,8ACTE,Australian Capital Territory,"8",Australian Capital Territory,AUS,Australia,112.263599999999997,http://linked.data.gov.au/dataset/asgsed3/SA3/80101,,,,,,,,,,,,,,51.85647019
"80103",Canberra East,"0",No change,"801",Australian Capital Territory,8ACTE,Australian Capital Territory,"8",Australian Capital Territory,AUS,Australia,211.795700000000011,http://linked.data.gov.au/dataset/asgsed3/SA3/80103,,,,,,,,,,,,,,92.56465796
"80104",Gungahlin,"0",No change,"801",Australian Capital Territory,8ACTE,Australian Capital Territory,"8",Australian Capital Territory,AUS,Australia,91.877899999999997,http://linked.data.gov.au/dataset/asgsed3/SA3/80104,,,,,,,,,,,,,,45.09106692
"80105",North Canberra,"0",No change,"801",Australian Capital Territory,8ACTE,Australian Capital Territory,"8",Australian Capital Territory,AUS,Australia,44.722799999999999,http://linked.data.gov.au/dataset/asgsed3/SA3/80105,,,,,,,,,,,,,,22.02618144
"80106",South Canberra,"0",No change,"801",Australian Capital Territory,8ACTE,Australian Capital Territory,"8",Australian Capital Territory,AUS,Australia,44.411299999999997,http://linked.data.gov.au/dataset/asgsed3/SA3/80106,,,,,,,,,,,,,,21.2620562
"80107",Tuggeranong,"0",No change,"801",Australian Capital Territory,8ACTE,Australian Capital Territory,"8",Australian Capital Territory,AUS,Australia,159.626800000000003,http://linked.data.gov.au/dataset/asgsed3/SA3/80107,,,,,,,,,,,,,,68.88098127
"80108",Weston Creek,"0",No change,"801",Australian Capital Territory,8ACTE,Australian Capital Territory,"8",Australian Capital Territory,AUS,Australia,18.148700000000002,http://linked.data.gov.au/dataset/asgsed3/SA3/80108,,,,,,,,,,,,,,7.96195581
"80109",Woden Valley,"0",No change,"801",Australian Capital Territory,8ACTE,Australian Capital Territory,"8",Australian Capital Territory,AUS,Australia,28.600400000000000,http://linked.data.gov.au/dataset/asgsed3/SA3/80109,,,,,,,,,,,,,,11.89764216
"80110",Molonglo,"0",No change,"801",Australian Capital Territory,8ACTE,Australian Capital Territory,"8",Australian Capital Territory,AUS,Australia,27.150700000000001,http://linked.data.gov.au/dataset/asgsed3/SA3/80110,,,,,,,,,,,,,,11.95467052
"80111",Uriarra - Namadgi,"3",Name change,"801",Australian Capital Territory,8ACTE,Australian Capital Territory,"8",Australian Capital Territory,AUS,Australia,1619.535100000000057,http://linked.data.gov.au/dataset/asgsed3/SA3/80111,,,,,,,,,,,1619.5351,"32",1.9758756695054,654.8243086
"89797",Migratory - Offshore - Shipping (ACT),"0",No change,"897",Migratory - Offshore - Shipping (ACT),"89799",Migratory - Offshore - Shipping (ACT),"8",Australian Capital Territory,AUS,Australia,,http://linked.data.gov.au/dataset/asgsed3/SA3/89797,,,,,,,,,,,,,,0
"89999",No usual address (ACT),"0",No change,"899",No usual address (ACT),"89499",No usual address (ACT),"8",Australian Capital Territory,AUS,Australia,,http://linked.data.gov.au/dataset/asgsed3/SA3/89999,,,,,,,,,,,,,,0
"90101",Christmas Island,"0",No change,"901",Other Territories,9OTER,Other Territories,"9",Other Territories,AUS,Australia,136.135600000000011,http://linked.data.gov.au/dataset/asgsed3/SA3/90101,,,,,,,,,,,,,,0
"90102",Cocos (Keeling) Islands,"0",No change,"901",Other Territories,9OTER,Other Territories,"9",Other Territories,AUS,Australia,13.725800000000000,http://linked.data.gov.au/dataset/asgsed3/SA3/90102,,,,,,,,,,,,,,0
"90103",Jervis Bay,"0",No change,"901",Other Territories,9OTER,Other Territories,"9",Other Territories,AUS,Australia,67.229600000000005,http://linked.data.gov.au/dataset/asgsed3/SA3/90103,,,,,,,,,,,67.2296,"1",1.48744005616574,21.43911076
"90104",Norfolk Island,"0",No change,"901",Other Territories,9OTER,Other Territories,"9",Other Territories,AUS,Australia,38.651000000000003,http://linked.data.gov.au/dataset/asgsed3/SA3/90104,,,,,,,,,,,,,,0
"99797",Migratory - Offshore - Shipping (OT),"0",No change,"997",Migratory - Offshore - Shipping (OT),"99799",Migratory - Offshore - Shipping (OT),"9",Other Territories,AUS,Australia,,http://linked.data.gov.au/dataset/asgsed3/SA3/99797,,,,,,,,,,,,,,0
"99999",No usual address (OT),"0",No change,"999",No usual address (OT),"99499",No usual address (OT),"9",Other Territories,AUS,Australia,,http://linked.data.gov.au/dataset/asgsed3/SA3/99999,,,,,,,,,,,,,,0
ZZZZZ,Outside Australia,"1",New,ZZZ,Outside Australia,ZZZZZ,Outside Australia,Z,Outside Australia,ZZZ,Outside Australia,,http://linked.data.gov.au/dataset/asgsed3/SA3/ZZZZZ,,,,,,,,,,,,,,0
